Gentoo Wiki (Main)	.keep file	https://wiki.gentoo.org/wiki/.keep_file
Gentoo Wiki (Main)	/bin	https://wiki.gentoo.org/wiki//bin
Gentoo Wiki (Main)	/boot	https://wiki.gentoo.org/wiki//boot
Gentoo Wiki (Main)	/dev	https://wiki.gentoo.org/wiki//dev
Gentoo Wiki (Main)	/etc	https://wiki.gentoo.org/wiki//etc
Gentoo Wiki (Main)	/etc/conf.d	https://wiki.gentoo.org/wiki//etc/conf.d
Gentoo Wiki (Main)	/etc/env.d	https://wiki.gentoo.org/wiki//etc/env.d
Gentoo Wiki (Main)	/etc/fstab	https://wiki.gentoo.org/wiki//etc/fstab
Gentoo Wiki (Main)	/etc/hosts	https://wiki.gentoo.org/wiki//etc/hosts
Gentoo Wiki (Main)	/etc/local.d	https://wiki.gentoo.org/wiki//etc/local.d
Gentoo Wiki (Main)	/etc/portage	https://wiki.gentoo.org/wiki//etc/portage
Gentoo Wiki (Main)	/etc/portage/bashrc	https://wiki.gentoo.org/wiki//etc/portage/bashrc
Gentoo Wiki (Main)	/etc/portage/binrepos.conf	https://wiki.gentoo.org/wiki//etc/portage/binrepos.conf
Gentoo Wiki (Main)	/etc/portage/categories	https://wiki.gentoo.org/wiki//etc/portage/categories
Gentoo Wiki (Main)	/etc/portage/color.map	https://wiki.gentoo.org/wiki//etc/portage/color.map
Gentoo Wiki (Main)	/etc/portage/license groups	https://wiki.gentoo.org/wiki//etc/portage/license_groups
Gentoo Wiki (Main)	/etc/portage/make.conf	https://wiki.gentoo.org/wiki//etc/portage/make.conf
Gentoo Wiki (Main)	/etc/portage/make.profile	https://wiki.gentoo.org/wiki//etc/portage/make.profile
Gentoo Wiki (Main)	/etc/portage/mirrors	https://wiki.gentoo.org/wiki//etc/portage/mirrors
Gentoo Wiki (Main)	/etc/portage/modules	https://wiki.gentoo.org/wiki//etc/portage/modules
Gentoo Wiki (Main)	/etc/portage/package.accept keywords	https://wiki.gentoo.org/wiki//etc/portage/package.accept_keywords
Gentoo Wiki (Main)	/etc/portage/package.env	https://wiki.gentoo.org/wiki//etc/portage/package.env
Gentoo Wiki (Main)	/etc/portage/package.license	https://wiki.gentoo.org/wiki//etc/portage/package.license
Gentoo Wiki (Main)	/etc/portage/package.mask	https://wiki.gentoo.org/wiki//etc/portage/package.mask
Gentoo Wiki (Main)	/etc/portage/package.properties	https://wiki.gentoo.org/wiki//etc/portage/package.properties
Gentoo Wiki (Main)	/etc/portage/package.unmask	https://wiki.gentoo.org/wiki//etc/portage/package.unmask
Gentoo Wiki (Main)	/etc/portage/package.use	https://wiki.gentoo.org/wiki//etc/portage/package.use
Gentoo Wiki (Main)	/etc/portage/patches	https://wiki.gentoo.org/wiki//etc/portage/patches
Gentoo Wiki (Main)	/etc/portage/profile/package.provided	https://wiki.gentoo.org/wiki//etc/portage/profile/package.provided
Gentoo Wiki (Main)	/etc/portage/profile/package.use.mask	https://wiki.gentoo.org/wiki//etc/portage/profile/package.use.mask
Gentoo Wiki (Main)	/etc/portage/profile/use.mask	https://wiki.gentoo.org/wiki//etc/portage/profile/use.mask
Gentoo Wiki (Main)	/etc/portage/repo.postsync.d	https://wiki.gentoo.org/wiki//etc/portage/repo.postsync.d
Gentoo Wiki (Main)	/etc/portage/repos.conf	https://wiki.gentoo.org/wiki//etc/portage/repos.conf
Gentoo Wiki (Main)	/etc/portage/savedconfig	https://wiki.gentoo.org/wiki//etc/portage/savedconfig
Gentoo Wiki (Main)	/etc/portage/sets	https://wiki.gentoo.org/wiki//etc/portage/sets
Gentoo Wiki (Main)	/etc/sandbox.conf	https://wiki.gentoo.org/wiki//etc/sandbox.conf
Gentoo Wiki (Main)	/home	https://wiki.gentoo.org/wiki//home
Gentoo Wiki (Main)	/lib	https://wiki.gentoo.org/wiki//lib
Gentoo Wiki (Main)	/lib64	https://wiki.gentoo.org/wiki//lib64
Gentoo Wiki (Main)	/media	https://wiki.gentoo.org/wiki//media
Gentoo Wiki (Main)	/mnt	https://wiki.gentoo.org/wiki//mnt
Gentoo Wiki (Main)	/opt	https://wiki.gentoo.org/wiki//opt
Gentoo Wiki (Main)	/run	https://wiki.gentoo.org/wiki//run
Gentoo Wiki (Main)	/sbin	https://wiki.gentoo.org/wiki//sbin
Gentoo Wiki (Main)	/srv	https://wiki.gentoo.org/wiki//srv
Gentoo Wiki (Main)	/tmp	https://wiki.gentoo.org/wiki//tmp
Gentoo Wiki (Main)	/usr	https://wiki.gentoo.org/wiki//usr
Gentoo Wiki (Main)	/usr/bin	https://wiki.gentoo.org/wiki//usr/bin
Gentoo Wiki (Main)	/usr/portage	https://wiki.gentoo.org/wiki//usr/portage
Gentoo Wiki (Main)	/usr/share/doc/	https://wiki.gentoo.org/wiki//usr/share/doc/
Gentoo Wiki (Main)	/usr move	https://wiki.gentoo.org/wiki//usr_move
Gentoo Wiki (Main)	/var/cache/binpkgs	https://wiki.gentoo.org/wiki//var/cache/binpkgs
Gentoo Wiki (Main)	/var/cache/distfiles	https://wiki.gentoo.org/wiki//var/cache/distfiles
Gentoo Wiki (Main)	/var/db/pkg	https://wiki.gentoo.org/wiki//var/db/pkg
Gentoo Wiki (Main)	/var/db/repos/gentoo	https://wiki.gentoo.org/wiki//var/db/repos/gentoo
Gentoo Wiki (Main)	/var/db/repos/gentoo/licenses	https://wiki.gentoo.org/wiki//var/db/repos/gentoo/licenses
Gentoo Wiki (Main)	/var/db/repos/gentoo/metadata	https://wiki.gentoo.org/wiki//var/db/repos/gentoo/metadata
Gentoo Wiki (Main)	/var/db/repos/gentoo/metadata/md5-cache	https://wiki.gentoo.org/wiki//var/db/repos/gentoo/metadata/md5-cache
Gentoo Wiki (Main)	/var/db/repos/gentoo/profiles	https://wiki.gentoo.org/wiki//var/db/repos/gentoo/profiles
Gentoo Wiki (Main)	/var/db/repos/gentoo/profiles/license groups	https://wiki.gentoo.org/wiki//var/db/repos/gentoo/profiles/license_groups
Gentoo Wiki (Main)	/var/db/repos/gentoo/profiles/package.mask	https://wiki.gentoo.org/wiki//var/db/repos/gentoo/profiles/package.mask
Gentoo Wiki (Main)	/var/lib/portage	https://wiki.gentoo.org/wiki//var/lib/portage
Gentoo Wiki (Main)	30bpp	https://wiki.gentoo.org/wiki/30bpp
Gentoo Wiki (Main)	3D Printing	https://wiki.gentoo.org/wiki/3D_Printing
Gentoo Wiki (Main)	66-init	https://wiki.gentoo.org/wiki/66-init
Gentoo Wiki (Main)	7-Zip	https://wiki.gentoo.org/wiki/7-Zip
Gentoo Wiki (Main)	AC1200 Wireless Adapters	https://wiki.gentoo.org/wiki/AC1200_Wireless_Adapters
Gentoo Wiki (Main)	AC1300 Wireless Adapters	https://wiki.gentoo.org/wiki/AC1300_Wireless_Adapters
Gentoo Wiki (Main)	ACCEPT KEYWORDS	https://wiki.gentoo.org/wiki/ACCEPT_KEYWORDS
Gentoo Wiki (Main)	ACPI	https://wiki.gentoo.org/wiki/ACPI
Gentoo Wiki (Main)	ACPI/ThinkPad-special-buttons	https://wiki.gentoo.org/wiki/ACPI/ThinkPad-special-buttons
Gentoo Wiki (Main)	AIDE	https://wiki.gentoo.org/wiki/AIDE
Gentoo Wiki (Main)	ALSA	https://wiki.gentoo.org/wiki/ALSA
Gentoo Wiki (Main)	ALSA/troubleshooting	https://wiki.gentoo.org/wiki/ALSA/troubleshooting
Gentoo Wiki (Main)	AMD	https://wiki.gentoo.org/wiki/AMD
Gentoo Wiki (Main)	AMD64	https://wiki.gentoo.org/wiki/AMD64
Gentoo Wiki (Main)	AMD64/FAQ	https://wiki.gentoo.org/wiki/AMD64/FAQ
Gentoo Wiki (Main)	AMDGPU	https://wiki.gentoo.org/wiki/AMDGPU
Gentoo Wiki (Main)	AMDGPU-PRO	https://wiki.gentoo.org/wiki/AMDGPU-PRO
Gentoo Wiki (Main)	AMDVLK	https://wiki.gentoo.org/wiki/AMDVLK
Gentoo Wiki (Main)	AMD microcode	https://wiki.gentoo.org/wiki/AMD_microcode
Gentoo Wiki (Main)	AOCC	https://wiki.gentoo.org/wiki/AOCC
Gentoo Wiki (Main)	AQEMU	https://wiki.gentoo.org/wiki/AQEMU
Gentoo Wiki (Main)	ARM	https://wiki.gentoo.org/wiki/ARM
Gentoo Wiki (Main)	ARM hardware list	https://wiki.gentoo.org/wiki/ARM_hardware_list
Gentoo Wiki (Main)	ASRock Fatal1ty X370 Professional Gaming	https://wiki.gentoo.org/wiki/ASRock_Fatal1ty_X370_Professional_Gaming
Gentoo Wiki (Main)	ASRock J5005-ITX	https://wiki.gentoo.org/wiki/ASRock_J5005-ITX
Gentoo Wiki (Main)	ASUSTeK COMPUTER INC. Strix 17 GL703GE	https://wiki.gentoo.org/wiki/ASUSTeK_COMPUTER_INC._Strix_17_GL703GE
Gentoo Wiki (Main)	ASUSTek ROG Zephyrus G14 GA401	https://wiki.gentoo.org/wiki/ASUSTek_ROG_Zephyrus_G14_GA401
Gentoo Wiki (Main)	ASUS Chromebook C201	https://wiki.gentoo.org/wiki/ASUS_Chromebook_C201
Gentoo Wiki (Main)	ASUS Chromebook C201/Configuration examples	https://wiki.gentoo.org/wiki/ASUS_Chromebook_C201/Configuration_examples
Gentoo Wiki (Main)	ASUS Chromebook C201/Installing Gentoo	https://wiki.gentoo.org/wiki/ASUS_Chromebook_C201/Installing_Gentoo
Gentoo Wiki (Main)	ASUS Eee PC 1000H	https://wiki.gentoo.org/wiki/ASUS_Eee_PC_1000H
Gentoo Wiki (Main)	ASUS Eee PC 1005HA	https://wiki.gentoo.org/wiki/ASUS_Eee_PC_1005HA
Gentoo Wiki (Main)	ASUS Eee PC 1201NL	https://wiki.gentoo.org/wiki/ASUS_Eee_PC_1201NL
Gentoo Wiki (Main)	ASUS Eee PC 1201PN	https://wiki.gentoo.org/wiki/ASUS_Eee_PC_1201PN
Gentoo Wiki (Main)	ASUS Eee PC 1215B	https://wiki.gentoo.org/wiki/ASUS_Eee_PC_1215B
Gentoo Wiki (Main)	ASUS Eee PC 1225B	https://wiki.gentoo.org/wiki/ASUS_Eee_PC_1225B
Gentoo Wiki (Main)	ASUS ExpertBook B7 Flip B7402	https://wiki.gentoo.org/wiki/ASUS_ExpertBook_B7_Flip_B7402
Gentoo Wiki (Main)	ASUS M4A79T Deluxe	https://wiki.gentoo.org/wiki/ASUS_M4A79T_Deluxe
Gentoo Wiki (Main)	ASUS M50V	https://wiki.gentoo.org/wiki/ASUS_M50V
Gentoo Wiki (Main)	ASUS N56JR	https://wiki.gentoo.org/wiki/ASUS_N56JR
Gentoo Wiki (Main)	ASUS TUF GAMING B550M-PLUS	https://wiki.gentoo.org/wiki/ASUS_TUF_GAMING_B550M-PLUS
Gentoo Wiki (Main)	ASUS UX410UAR	https://wiki.gentoo.org/wiki/ASUS_UX410UAR
Gentoo Wiki (Main)	ASUS X201E	https://wiki.gentoo.org/wiki/ASUS_X201E
Gentoo Wiki (Main)	ASUS X71SL	https://wiki.gentoo.org/wiki/ASUS_X71SL
Gentoo Wiki (Main)	ASUS Z97 Sabertooth Mark 2 (II)	https://wiki.gentoo.org/wiki/ASUS_Z97_Sabertooth_Mark_2_(II)
Gentoo Wiki (Main)	ASUS Zenbook Pro UX501VW	https://wiki.gentoo.org/wiki/ASUS_Zenbook_Pro_UX501VW
Gentoo Wiki (Main)	ATA over Ethernet	https://wiki.gentoo.org/wiki/ATA_over_Ethernet
Gentoo Wiki (Main)	ATI FAQ	https://wiki.gentoo.org/wiki/ATI_FAQ
Gentoo Wiki (Main)	Abbreviations, terminology, and jargon	https://wiki.gentoo.org/wiki/Abbreviations,_terminology,_and_jargon
Gentoo Wiki (Main)	Acer Aspire V5-573G	https://wiki.gentoo.org/wiki/Acer_Aspire_V5-573G
Gentoo Wiki (Main)	Acer Chromebook C720	https://wiki.gentoo.org/wiki/Acer_Chromebook_C720
Gentoo Wiki (Main)	Acer Travelmate 8172	https://wiki.gentoo.org/wiki/Acer_Travelmate_8172
Gentoo Wiki (Main)	Acer ao756-2840	https://wiki.gentoo.org/wiki/Acer_ao756-2840
Gentoo Wiki (Main)	Acer eMachines eM250	https://wiki.gentoo.org/wiki/Acer_eMachines_eM250
Gentoo Wiki (Main)	Acpi dock	https://wiki.gentoo.org/wiki/Acpi_dock
Gentoo Wiki (Main)	Ada	https://wiki.gentoo.org/wiki/Ada
Gentoo Wiki (Main)	Adafruit MiniPiTFT	https://wiki.gentoo.org/wiki/Adafruit_MiniPiTFT
Gentoo Wiki (Main)	Adafruit PiTFT	https://wiki.gentoo.org/wiki/Adafruit_PiTFT
Gentoo Wiki (Main)	AddressSanitizer	https://wiki.gentoo.org/wiki/AddressSanitizer
Gentoo Wiki (Main)	AddressSanitizer/Problems	https://wiki.gentoo.org/wiki/AddressSanitizer/Problems
Gentoo Wiki (Main)	Adobe Flash	https://wiki.gentoo.org/wiki/Adobe_Flash
Gentoo Wiki (Main)	Advanced backup using rsnaphot	https://wiki.gentoo.org/wiki/Advanced_backup_using_rsnaphot
Gentoo Wiki (Main)	Aerc	https://wiki.gentoo.org/wiki/Aerc
Gentoo Wiki (Main)	Alacritty	https://wiki.gentoo.org/wiki/Alacritty
Gentoo Wiki (Main)	Alienware 13	https://wiki.gentoo.org/wiki/Alienware_13
Gentoo Wiki (Main)	Alienware 15 R3	https://wiki.gentoo.org/wiki/Alienware_15_R3
Gentoo Wiki (Main)	Allow only known usb devices	https://wiki.gentoo.org/wiki/Allow_only_known_usb_devices
Gentoo Wiki (Main)	Alpha	https://wiki.gentoo.org/wiki/Alpha
Gentoo Wiki (Main)	Alpha/FAQ	https://wiki.gentoo.org/wiki/Alpha/FAQ
Gentoo Wiki (Main)	Alps PS/2	https://wiki.gentoo.org/wiki/Alps_PS/2
Gentoo Wiki (Main)	Alternate system configurations	https://wiki.gentoo.org/wiki/Alternate_system_configurations
Gentoo Wiki (Main)	Amateur radio	https://wiki.gentoo.org/wiki/Amateur_radio
Gentoo Wiki (Main)	Amazon Kindle	https://wiki.gentoo.org/wiki/Amazon_Kindle
Gentoo Wiki (Main)	Amsynth	https://wiki.gentoo.org/wiki/Amsynth
Gentoo Wiki (Main)	Android	https://wiki.gentoo.org/wiki/Android
Gentoo Wiki (Main)	Android/Devices	https://wiki.gentoo.org/wiki/Android/Devices
Gentoo Wiki (Main)	Android/Fastboot	https://wiki.gentoo.org/wiki/Android/Fastboot
Gentoo Wiki (Main)	Android/Root	https://wiki.gentoo.org/wiki/Android/Root
Gentoo Wiki (Main)	Android/SharkBait	https://wiki.gentoo.org/wiki/Android/SharkBait
Gentoo Wiki (Main)	Android/SharkBait/Building a toolchain for aarch64-linux-android	https://wiki.gentoo.org/wiki/Android/SharkBait/Building_a_toolchain_for_aarch64-linux-android
Gentoo Wiki (Main)	Android/SharkBait/Clang toolchain with sanitizers support for Android	https://wiki.gentoo.org/wiki/Android/SharkBait/Clang_toolchain_with_sanitizers_support_for_Android
Gentoo Wiki (Main)	Android/SharkBait/Porter Guide	https://wiki.gentoo.org/wiki/Android/SharkBait/Porter_Guide
Gentoo Wiki (Main)	Android/SharkBait/Starting Android in LXC	https://wiki.gentoo.org/wiki/Android/SharkBait/Starting_Android_in_LXC
Gentoo Wiki (Main)	Android/SharkBait/User Guide	https://wiki.gentoo.org/wiki/Android/SharkBait/User_Guide
Gentoo Wiki (Main)	Android/Telephony	https://wiki.gentoo.org/wiki/Android/Telephony
Gentoo Wiki (Main)	Android/Terminal Emulators (Tips-and-tricks)	https://wiki.gentoo.org/wiki/Android/Terminal_Emulators_(Tips-and-tricks)
Gentoo Wiki (Main)	Android/adb	https://wiki.gentoo.org/wiki/Android/adb
Gentoo Wiki (Main)	Android USB tethering	https://wiki.gentoo.org/wiki/Android_USB_tethering
Gentoo Wiki (Main)	Android studio	https://wiki.gentoo.org/wiki/Android_studio
Gentoo Wiki (Main)	Anki	https://wiki.gentoo.org/wiki/Anki
Gentoo Wiki (Main)	Ansible	https://wiki.gentoo.org/wiki/Ansible
Gentoo Wiki (Main)	Antidote9	https://wiki.gentoo.org/wiki/Antidote9
Gentoo Wiki (Main)	Antiword	https://wiki.gentoo.org/wiki/Antiword
Gentoo Wiki (Main)	AnyDesk	https://wiki.gentoo.org/wiki/AnyDesk
Gentoo Wiki (Main)	Apache	https://wiki.gentoo.org/wiki/Apache
Gentoo Wiki (Main)	Apache Tomcat	https://wiki.gentoo.org/wiki/Apache_Tomcat
Gentoo Wiki (Main)	App-portage/version	https://wiki.gentoo.org/wiki/App-portage/version
Gentoo Wiki (Main)	AppImage	https://wiki.gentoo.org/wiki/AppImage
Gentoo Wiki (Main)	Apple Keyboard	https://wiki.gentoo.org/wiki/Apple_Keyboard
Gentoo Wiki (Main)	Apple MacBook Pro 13-inch (2020, Intel, Four Thunderbolt 3 Ports)	https://wiki.gentoo.org/wiki/Apple_MacBook_Pro_13-inch_(2020,_Intel,_Four_Thunderbolt_3_Ports)
Gentoo Wiki (Main)	Apple MacBook Pro 13-inch (mid 2010)	https://wiki.gentoo.org/wiki/Apple_MacBook_Pro_13-inch_(mid_2010)
Gentoo Wiki (Main)	Apple MacBook Pro 15-inch (2016, Intel, Four Thunderbolt 3 Ports)	https://wiki.gentoo.org/wiki/Apple_MacBook_Pro_15-inch_(2016,_Intel,_Four_Thunderbolt_3_Ports)
Gentoo Wiki (Main)	Apple MacBook Pro 15-inch (2017, Intel, Four Thunderbolt 3 Ports)	https://wiki.gentoo.org/wiki/Apple_MacBook_Pro_15-inch_(2017,_Intel,_Four_Thunderbolt_3_Ports)
Gentoo Wiki (Main)	Apple Macbook Pro Retina (early 2013)	https://wiki.gentoo.org/wiki/Apple_Macbook_Pro_Retina_(early_2013)
Gentoo Wiki (Main)	Apple Macbook Pro Retina 13-inch (early 2013)	https://wiki.gentoo.org/wiki/Apple_Macbook_Pro_Retina_13-inch_(early_2013)
Gentoo Wiki (Main)	Apple Macbook Pro Retina 15-inch (early 2013)	https://wiki.gentoo.org/wiki/Apple_Macbook_Pro_Retina_15-inch_(early_2013)
Gentoo Wiki (Main)	Apple Silicon VMware Guide	https://wiki.gentoo.org/wiki/Apple_Silicon_VMware_Guide
Gentoo Wiki (Main)	Apple Thunderbolt to Gigabit Ethernet Adapter	https://wiki.gentoo.org/wiki/Apple_Thunderbolt_to_Gigabit_Ethernet_Adapter
Gentoo Wiki (Main)	Apple iPod, iPad, iPhone	https://wiki.gentoo.org/wiki/Apple_iPod,_iPad,_iPhone
Gentoo Wiki (Main)	Application binary interface	https://wiki.gentoo.org/wiki/Application_binary_interface
Gentoo Wiki (Main)	Application level package management	https://wiki.gentoo.org/wiki/Application_level_package_management
Gentoo Wiki (Main)	Apulse	https://wiki.gentoo.org/wiki/Apulse
Gentoo Wiki (Main)	Ardour	https://wiki.gentoo.org/wiki/Ardour
Gentoo Wiki (Main)	Arduino	https://wiki.gentoo.org/wiki/Arduino
Gentoo Wiki (Main)	Asrock C70M1	https://wiki.gentoo.org/wiki/Asrock_C70M1
Gentoo Wiki (Main)	Asrock Z97 Extreme4	https://wiki.gentoo.org/wiki/Asrock_Z97_Extreme4
Gentoo Wiki (Main)	Assembly Language	https://wiki.gentoo.org/wiki/Assembly_Language
Gentoo Wiki (Main)	Asterisk	https://wiki.gentoo.org/wiki/Asterisk
Gentoo Wiki (Main)	Asus Ascent GX10	https://wiki.gentoo.org/wiki/Asus_Ascent_GX10
Gentoo Wiki (Main)	Asus P5N32-E SLI Plus	https://wiki.gentoo.org/wiki/Asus_P5N32-E_SLI_Plus
Gentoo Wiki (Main)	Asus P8H77-V	https://wiki.gentoo.org/wiki/Asus_P8H77-V
Gentoo Wiki (Main)	Asus PN50	https://wiki.gentoo.org/wiki/Asus_PN50
Gentoo Wiki (Main)	Asus Transformer Infinity (TF700T)	https://wiki.gentoo.org/wiki/Asus_Transformer_Infinity_(TF700T)
Gentoo Wiki (Main)	Asus Transformer Infinity (TF700T)/Install	https://wiki.gentoo.org/wiki/Asus_Transformer_Infinity_(TF700T)/Install
Gentoo Wiki (Main)	Asus Transformer Prime	https://wiki.gentoo.org/wiki/Asus_Transformer_Prime
Gentoo Wiki (Main)	Asus Tuf Gaming fx505dy	https://wiki.gentoo.org/wiki/Asus_Tuf_Gaming_fx505dy
Gentoo Wiki (Main)	At	https://wiki.gentoo.org/wiki/At
Gentoo Wiki (Main)	Attach the logs to the bug ticket	https://wiki.gentoo.org/wiki/Attach_the_logs_to_the_bug_ticket
Gentoo Wiki (Main)	Atuin	https://wiki.gentoo.org/wiki/Atuin
Gentoo Wiki (Main)	Audacious	https://wiki.gentoo.org/wiki/Audacious
Gentoo Wiki (Main)	Audacity	https://wiki.gentoo.org/wiki/Audacity
Gentoo Wiki (Main)	Audit	https://wiki.gentoo.org/wiki/Audit
Gentoo Wiki (Main)	Auditing (project archive)	https://wiki.gentoo.org/wiki/Auditing_(project_archive)
Gentoo Wiki (Main)	Aufs	https://wiki.gentoo.org/wiki/Aufs
Gentoo Wiki (Main)	AutoFS	https://wiki.gentoo.org/wiki/AutoFS
Gentoo Wiki (Main)	Automatic login to virtual console	https://wiki.gentoo.org/wiki/Automatic_login_to_virtual_console
Gentoo Wiki (Main)	Autossh	https://wiki.gentoo.org/wiki/Autossh
Gentoo Wiki (Main)	Autotools	https://wiki.gentoo.org/wiki/Autotools
Gentoo Wiki (Main)	Avahi	https://wiki.gentoo.org/wiki/Avahi
Gentoo Wiki (Main)	Awesome	https://wiki.gentoo.org/wiki/Awesome
Gentoo Wiki (Main)	Awk	https://wiki.gentoo.org/wiki/Awk
Gentoo Wiki (Main)	Awww	https://wiki.gentoo.org/wiki/Awww
Gentoo Wiki (Main)	BASIC	https://wiki.gentoo.org/wiki/BASIC
Gentoo Wiki (Main)	BIND	https://wiki.gentoo.org/wiki/BIND
Gentoo Wiki (Main)	BIND/Guide	https://wiki.gentoo.org/wiki/BIND/Guide
Gentoo Wiki (Main)	BIOS	https://wiki.gentoo.org/wiki/BIOS
Gentoo Wiki (Main)	BIOS Update	https://wiki.gentoo.org/wiki/BIOS_Update
Gentoo Wiki (Main)	BIRD	https://wiki.gentoo.org/wiki/BIRD
Gentoo Wiki (Main)	BLAS and LAPACK Providers	https://wiki.gentoo.org/wiki/BLAS_and_LAPACK_Providers
Gentoo Wiki (Main)	BOINC	https://wiki.gentoo.org/wiki/BOINC
Gentoo Wiki (Main)	BQ Aquaris X Pro (Bardockpro)	https://wiki.gentoo.org/wiki/BQ_Aquaris_X_Pro_(Bardockpro)
Gentoo Wiki (Main)	Backup	https://wiki.gentoo.org/wiki/Backup
Gentoo Wiki (Main)	Baloo	https://wiki.gentoo.org/wiki/Baloo
Gentoo Wiki (Main)	Banana Pi	https://wiki.gentoo.org/wiki/Banana_Pi
Gentoo Wiki (Main)	Banana Pi the Gentoo Way	https://wiki.gentoo.org/wiki/Banana_Pi_the_Gentoo_Way
Gentoo Wiki (Main)	Bash	https://wiki.gentoo.org/wiki/Bash
Gentoo Wiki (Main)	Bash/Installing completion files	https://wiki.gentoo.org/wiki/Bash/Installing_completion_files
Gentoo Wiki (Main)	Bashtop	https://wiki.gentoo.org/wiki/Bashtop
Gentoo Wiki (Main)	Basic guide to write Gentoo Ebuilds	https://wiki.gentoo.org/wiki/Basic_guide_to_write_Gentoo_Ebuilds
Gentoo Wiki (Main)	Bat	https://wiki.gentoo.org/wiki/Bat
Gentoo Wiki (Main)	Batik	https://wiki.gentoo.org/wiki/Batik
Gentoo Wiki (Main)	Bc	https://wiki.gentoo.org/wiki/Bc
Gentoo Wiki (Main)	Bcache	https://wiki.gentoo.org/wiki/Bcache
Gentoo Wiki (Main)	Bcachefs	https://wiki.gentoo.org/wiki/Bcachefs
Gentoo Wiki (Main)	Bcachefs/rootfs	https://wiki.gentoo.org/wiki/Bcachefs/rootfs
Gentoo Wiki (Main)	Bcc	https://wiki.gentoo.org/wiki/Bcc
Gentoo Wiki (Main)	BeagleBone	https://wiki.gentoo.org/wiki/BeagleBone
Gentoo Wiki (Main)	BeagleBone Black	https://wiki.gentoo.org/wiki/BeagleBone_Black
Gentoo Wiki (Main)	BeagleBone Black 4	https://wiki.gentoo.org/wiki/BeagleBone_Black_4
Gentoo Wiki (Main)	Beelink GTR7	https://wiki.gentoo.org/wiki/Beelink_GTR7
Gentoo Wiki (Main)	Beelink SER5 AMD Ryzen 5 5560U Mini PC	https://wiki.gentoo.org/wiki/Beelink_SER5_AMD_Ryzen_5_5560U_Mini_PC
Gentoo Wiki (Main)	Beelink Ser3 Ryzen	https://wiki.gentoo.org/wiki/Beelink_Ser3_Ryzen
Gentoo Wiki (Main)	Benchmarking	https://wiki.gentoo.org/wiki/Benchmarking
Gentoo Wiki (Main)	Benefits of Gentoo	https://wiki.gentoo.org/wiki/Benefits_of_Gentoo
Gentoo Wiki (Main)	BiglyBT	https://wiki.gentoo.org/wiki/BiglyBT
Gentoo Wiki (Main)	Binary package guide	https://wiki.gentoo.org/wiki/Binary_package_guide
Gentoo Wiki (Main)	Binary package guide/Building cross	https://wiki.gentoo.org/wiki/Binary_package_guide/Building_cross
Gentoo Wiki (Main)	Binary package guide/Building native	https://wiki.gentoo.org/wiki/Binary_package_guide/Building_native
Gentoo Wiki (Main)	Binary package guide/Settingup	https://wiki.gentoo.org/wiki/Binary_package_guide/Settingup
Gentoo Wiki (Main)	Binfmt misc	https://wiki.gentoo.org/wiki/Binfmt_misc
Gentoo Wiki (Main)	Binutils	https://wiki.gentoo.org/wiki/Binutils
Gentoo Wiki (Main)	Bisecting with live ebuilds	https://wiki.gentoo.org/wiki/Bisecting_with_live_ebuilds
Gentoo Wiki (Main)	BitTorrent	https://wiki.gentoo.org/wiki/BitTorrent
Gentoo Wiki (Main)	Bitcoin	https://wiki.gentoo.org/wiki/Bitcoin
Gentoo Wiki (Main)	Blackbox	https://wiki.gentoo.org/wiki/Blackbox
Gentoo Wiki (Main)	Blas-lapack-switch	https://wiki.gentoo.org/wiki/Blas-lapack-switch
Gentoo Wiki (Main)	Blender	https://wiki.gentoo.org/wiki/Blender
Gentoo Wiki (Main)	Blu-ray	https://wiki.gentoo.org/wiki/Blu-ray
Gentoo Wiki (Main)	BlueBox	https://wiki.gentoo.org/wiki/BlueBox
Gentoo Wiki (Main)	BlueBox/NAT	https://wiki.gentoo.org/wiki/BlueBox/NAT
Gentoo Wiki (Main)	Blue Yeti Pro	https://wiki.gentoo.org/wiki/Blue_Yeti_Pro
Gentoo Wiki (Main)	Bluetooth	https://wiki.gentoo.org/wiki/Bluetooth
Gentoo Wiki (Main)	Bluetooth/hciconfig	https://wiki.gentoo.org/wiki/Bluetooth/hciconfig
Gentoo Wiki (Main)	Bluetooth Network Aggregation Point	https://wiki.gentoo.org/wiki/Bluetooth_Network_Aggregation_Point
Gentoo Wiki (Main)	Bluetooth headset	https://wiki.gentoo.org/wiki/Bluetooth_headset
Gentoo Wiki (Main)	Bluetooth input devices	https://wiki.gentoo.org/wiki/Bluetooth_input_devices
Gentoo Wiki (Main)	Bohemia Interactive ARMA 3	https://wiki.gentoo.org/wiki/Bohemia_Interactive_ARMA_3
Gentoo Wiki (Main)	Boost/How build systems find boost	https://wiki.gentoo.org/wiki/Boost/How_build_systems_find_boost
Gentoo Wiki (Main)	Bootable DOS USB stick	https://wiki.gentoo.org/wiki/Bootable_DOS_USB_stick
Gentoo Wiki (Main)	Bootable media	https://wiki.gentoo.org/wiki/Bootable_media
Gentoo Wiki (Main)	Bootchart2	https://wiki.gentoo.org/wiki/Bootchart2
Gentoo Wiki (Main)	Bootloader	https://wiki.gentoo.org/wiki/Bootloader
Gentoo Wiki (Main)	Bootstrapping Rust via cross compilation	https://wiki.gentoo.org/wiki/Bootstrapping_Rust_via_cross_compilation
Gentoo Wiki (Main)	Bootstrapping Rust via stage file	https://wiki.gentoo.org/wiki/Bootstrapping_Rust_via_stage_file
Gentoo Wiki (Main)	BorgBackup	https://wiki.gentoo.org/wiki/BorgBackup
Gentoo Wiki (Main)	Borgmatic	https://wiki.gentoo.org/wiki/Borgmatic
Gentoo Wiki (Main)	BowersWilkins PX7	https://wiki.gentoo.org/wiki/BowersWilkins_PX7
Gentoo Wiki (Main)	Boxes	https://wiki.gentoo.org/wiki/Boxes
Gentoo Wiki (Main)	Bpytop	https://wiki.gentoo.org/wiki/Bpytop
Gentoo Wiki (Main)	Brave	https://wiki.gentoo.org/wiki/Brave
Gentoo Wiki (Main)	Broadcom Bluetooth	https://wiki.gentoo.org/wiki/Broadcom_Bluetooth
Gentoo Wiki (Main)	Brother networked printer	https://wiki.gentoo.org/wiki/Brother_networked_printer
Gentoo Wiki (Main)	Bspwm	https://wiki.gentoo.org/wiki/Bspwm
Gentoo Wiki (Main)	Btop	https://wiki.gentoo.org/wiki/Btop
Gentoo Wiki (Main)	Btrbk	https://wiki.gentoo.org/wiki/Btrbk
Gentoo Wiki (Main)	Btrfs	https://wiki.gentoo.org/wiki/Btrfs
Gentoo Wiki (Main)	Btrfs/Encrypted Btrfs System Root Guide	https://wiki.gentoo.org/wiki/Btrfs/Encrypted_Btrfs_System_Root_Guide
Gentoo Wiki (Main)	Btrfs/Native System Root Guide	https://wiki.gentoo.org/wiki/Btrfs/Native_System_Root_Guide
Gentoo Wiki (Main)	Btrfs/System Root Guide	https://wiki.gentoo.org/wiki/Btrfs/System_Root_Guide
Gentoo Wiki (Main)	Btrfs/snapshots	https://wiki.gentoo.org/wiki/Btrfs/snapshots
Gentoo Wiki (Main)	Bubblewrap	https://wiki.gentoo.org/wiki/Bubblewrap
Gentoo Wiki (Main)	Budgie	https://wiki.gentoo.org/wiki/Budgie
Gentoo Wiki (Main)	Bugday	https://wiki.gentoo.org/wiki/Bugday
Gentoo Wiki (Main)	Bugday 2020-06-06	https://wiki.gentoo.org/wiki/Bugday_2020-06-06
Gentoo Wiki (Main)	Bugday 2020-07-04	https://wiki.gentoo.org/wiki/Bugday_2020-07-04
Gentoo Wiki (Main)	Bugday 2020-08-01	https://wiki.gentoo.org/wiki/Bugday_2020-08-01
Gentoo Wiki (Main)	Bugday 2020-09-05	https://wiki.gentoo.org/wiki/Bugday_2020-09-05
Gentoo Wiki (Main)	Bugday 2020-10-03	https://wiki.gentoo.org/wiki/Bugday_2020-10-03
Gentoo Wiki (Main)	Bugday 2020-11-07	https://wiki.gentoo.org/wiki/Bugday_2020-11-07
Gentoo Wiki (Main)	Bugday 2020-12-05	https://wiki.gentoo.org/wiki/Bugday_2020-12-05
Gentoo Wiki (Main)	Bugday 2021-01-02	https://wiki.gentoo.org/wiki/Bugday_2021-01-02
Gentoo Wiki (Main)	Bugday 2021-02-06	https://wiki.gentoo.org/wiki/Bugday_2021-02-06
Gentoo Wiki (Main)	Bugday 2021-04-03	https://wiki.gentoo.org/wiki/Bugday_2021-04-03
Gentoo Wiki (Main)	Bugday 2021-06-05	https://wiki.gentoo.org/wiki/Bugday_2021-06-05
Gentoo Wiki (Main)	Bugday Wishlist	https://wiki.gentoo.org/wiki/Bugday_Wishlist
Gentoo Wiki (Main)	Bugzilla	https://wiki.gentoo.org/wiki/Bugzilla
Gentoo Wiki (Main)	Bugzilla/Bug report guide	https://wiki.gentoo.org/wiki/Bugzilla/Bug_report_guide
Gentoo Wiki (Main)	Bugzilla/Guide	https://wiki.gentoo.org/wiki/Bugzilla/Guide
Gentoo Wiki (Main)	Build automation	https://wiki.gentoo.org/wiki/Build_automation
Gentoo Wiki (Main)	Buku	https://wiki.gentoo.org/wiki/Buku
Gentoo Wiki (Main)	Busybox	https://wiki.gentoo.org/wiki/Busybox
Gentoo Wiki (Main)	Bzip2	https://wiki.gentoo.org/wiki/Bzip2
Gentoo Wiki (Main)	C	https://wiki.gentoo.org/wiki/C
Gentoo Wiki (Main)	C++	https://wiki.gentoo.org/wiki/C%2B%2B
Gentoo Wiki (Main)	C-Sharp	https://wiki.gentoo.org/wiki/C-Sharp
Gentoo Wiki (Main)	C-Vise	https://wiki.gentoo.org/wiki/C-Vise
Gentoo Wiki (Main)	CD/DVD/BD writing	https://wiki.gentoo.org/wiki/CD/DVD/BD_writing
Gentoo Wiki (Main)	CDROM	https://wiki.gentoo.org/wiki/CDROM
Gentoo Wiki (Main)	CHOST	https://wiki.gentoo.org/wiki/CHOST
Gentoo Wiki (Main)	CLT2022	https://wiki.gentoo.org/wiki/CLT2022
Gentoo Wiki (Main)	CLT2022-Infoboard	https://wiki.gentoo.org/wiki/CLT2022-Infoboard
Gentoo Wiki (Main)	CLT2023	https://wiki.gentoo.org/wiki/CLT2023
Gentoo Wiki (Main)	CLT 2016	https://wiki.gentoo.org/wiki/CLT_2016
Gentoo Wiki (Main)	CMOS BIOS Memory	https://wiki.gentoo.org/wiki/CMOS_BIOS_Memory
Gentoo Wiki (Main)	CONFIG PROTECT	https://wiki.gentoo.org/wiki/CONFIG_PROTECT
Gentoo Wiki (Main)	CONFIG PROTECT MASK	https://wiki.gentoo.org/wiki/CONFIG_PROTECT_MASK
Gentoo Wiki (Main)	COSMIC	https://wiki.gentoo.org/wiki/COSMIC
Gentoo Wiki (Main)	CPAN	https://wiki.gentoo.org/wiki/CPAN
Gentoo Wiki (Main)	CPU FLAGS *	https://wiki.gentoo.org/wiki/CPU_FLAGS_*
Gentoo Wiki (Main)	CPU FLAGS X86 conversion	https://wiki.gentoo.org/wiki/CPU_FLAGS_X86_conversion
Gentoo Wiki (Main)	CSAF for Gentoo	https://wiki.gentoo.org/wiki/CSAF_for_Gentoo
Gentoo Wiki (Main)	CUPS as printer client for Microsoft server	https://wiki.gentoo.org/wiki/CUPS_as_printer_client_for_Microsoft_server
Gentoo Wiki (Main)	CVMFS	https://wiki.gentoo.org/wiki/CVMFS
Gentoo Wiki (Main)	CVS	https://wiki.gentoo.org/wiki/CVS
Gentoo Wiki (Main)	CVS/Tutorial	https://wiki.gentoo.org/wiki/CVS/Tutorial
Gentoo Wiki (Main)	Caddy	https://wiki.gentoo.org/wiki/Caddy
Gentoo Wiki (Main)	Calcurse	https://wiki.gentoo.org/wiki/Calcurse
Gentoo Wiki (Main)	Calibre	https://wiki.gentoo.org/wiki/Calibre
Gentoo Wiki (Main)	Canon CAPT Printer	https://wiki.gentoo.org/wiki/Canon_CAPT_Printer
Gentoo Wiki (Main)	Canon Printer	https://wiki.gentoo.org/wiki/Canon_Printer
Gentoo Wiki (Main)	Carnage	https://wiki.gentoo.org/wiki/Carnage
Gentoo Wiki (Main)	Casync	https://wiki.gentoo.org/wiki/Casync
Gentoo Wiki (Main)	Catalyst	https://wiki.gentoo.org/wiki/Catalyst
Gentoo Wiki (Main)	Catalyst/Custom Media Image	https://wiki.gentoo.org/wiki/Catalyst/Custom_Media_Image
Gentoo Wiki (Main)	Catalyst/New Musl Stages Creation	https://wiki.gentoo.org/wiki/Catalyst/New_Musl_Stages_Creation
Gentoo Wiki (Main)	Catalyst/Stage Creation	https://wiki.gentoo.org/wiki/Catalyst/Stage_Creation
Gentoo Wiki (Main)	Categories acct-group and acct-user	https://wiki.gentoo.org/wiki/Categories_acct-group_and_acct-user
Gentoo Wiki (Main)	Catppuccin	https://wiki.gentoo.org/wiki/Catppuccin
Gentoo Wiki (Main)	Ccache	https://wiki.gentoo.org/wiki/Ccache
Gentoo Wiki (Main)	Cdparanoia	https://wiki.gentoo.org/wiki/Cdparanoia
Gentoo Wiki (Main)	Centralized authentication using OpenLDAP	https://wiki.gentoo.org/wiki/Centralized_authentication_using_OpenLDAP
Gentoo Wiki (Main)	Ceph	https://wiki.gentoo.org/wiki/Ceph
Gentoo Wiki (Main)	Ceph/Administration	https://wiki.gentoo.org/wiki/Ceph/Administration
Gentoo Wiki (Main)	Ceph/Cluster	https://wiki.gentoo.org/wiki/Ceph/Cluster
Gentoo Wiki (Main)	Ceph/Guide	https://wiki.gentoo.org/wiki/Ceph/Guide
Gentoo Wiki (Main)	Ceph/Installation	https://wiki.gentoo.org/wiki/Ceph/Installation
Gentoo Wiki (Main)	Ceph/Metadata Server	https://wiki.gentoo.org/wiki/Ceph/Metadata_Server
Gentoo Wiki (Main)	Ceph/Monitor	https://wiki.gentoo.org/wiki/Ceph/Monitor
Gentoo Wiki (Main)	Ceph/Object Store Device	https://wiki.gentoo.org/wiki/Ceph/Object_Store_Device
Gentoo Wiki (Main)	Ceph/Pool	https://wiki.gentoo.org/wiki/Ceph/Pool
Gentoo Wiki (Main)	Ceph/Rados Block Device	https://wiki.gentoo.org/wiki/Ceph/Rados_Block_Device
Gentoo Wiki (Main)	Certificates	https://wiki.gentoo.org/wiki/Certificates
Gentoo Wiki (Main)	Certificates/Become your own CA	https://wiki.gentoo.org/wiki/Certificates/Become_your_own_CA
Gentoo Wiki (Main)	Cfg-update	https://wiki.gentoo.org/wiki/Cfg-update
Gentoo Wiki (Main)	Cgit	https://wiki.gentoo.org/wiki/Cgit
Gentoo Wiki (Main)	Cgroups	https://wiki.gentoo.org/wiki/Cgroups
Gentoo Wiki (Main)	Changing the CHOST variable	https://wiki.gentoo.org/wiki/Changing_the_CHOST_variable
Gentoo Wiki (Main)	Chess	https://wiki.gentoo.org/wiki/Chess
Gentoo Wiki (Main)	Chiffrement intégral du disque à partir de zéro simplifié	https://wiki.gentoo.org/wiki/Chiffrement_int%C3%A9gral_du_disque_%C3%A0_partir_de_z%C3%A9ro_simplifi%C3%A9
Gentoo Wiki (Main)	ChromeOS	https://wiki.gentoo.org/wiki/ChromeOS
Gentoo Wiki (Main)	Chromebook	https://wiki.gentoo.org/wiki/Chromebook
Gentoo Wiki (Main)	Chromebook/Sound configuration	https://wiki.gentoo.org/wiki/Chromebook/Sound_configuration
Gentoo Wiki (Main)	Chromium	https://wiki.gentoo.org/wiki/Chromium
Gentoo Wiki (Main)	Chrony	https://wiki.gentoo.org/wiki/Chrony
Gentoo Wiki (Main)	Chrony with hardware timestamping	https://wiki.gentoo.org/wiki/Chrony_with_hardware_timestamping
Gentoo Wiki (Main)	Chroot	https://wiki.gentoo.org/wiki/Chroot
Gentoo Wiki (Main)	Chroot for package testing	https://wiki.gentoo.org/wiki/Chroot_for_package_testing
Gentoo Wiki (Main)	Chrooting proxy services	https://wiki.gentoo.org/wiki/Chrooting_proxy_services
Gentoo Wiki (Main)	Cinnamon	https://wiki.gentoo.org/wiki/Cinnamon
Gentoo Wiki (Main)	Citrix Workspace	https://wiki.gentoo.org/wiki/Citrix_Workspace
Gentoo Wiki (Main)	ClamAV	https://wiki.gentoo.org/wiki/ClamAV
Gentoo Wiki (Main)	ClamAV Unofficial Signatures	https://wiki.gentoo.org/wiki/ClamAV_Unofficial_Signatures
Gentoo Wiki (Main)	Claws Mail	https://wiki.gentoo.org/wiki/Claws_Mail
Gentoo Wiki (Main)	Clevo N850HK1	https://wiki.gentoo.org/wiki/Clevo_N850HK1
Gentoo Wiki (Main)	Clevo P650HS-G	https://wiki.gentoo.org/wiki/Clevo_P650HS-G
Gentoo Wiki (Main)	Cluster	https://wiki.gentoo.org/wiki/Cluster
Gentoo Wiki (Main)	Cmus	https://wiki.gentoo.org/wiki/Cmus
Gentoo Wiki (Main)	Code Review Proposal	https://wiki.gentoo.org/wiki/Code_Review_Proposal
Gentoo Wiki (Main)	Collectd	https://wiki.gentoo.org/wiki/Collectd
Gentoo Wiki (Main)	Collectd-web	https://wiki.gentoo.org/wiki/Collectd-web
Gentoo Wiki (Main)	Color management	https://wiki.gentoo.org/wiki/Color_management
Gentoo Wiki (Main)	Community Project:Project Listing	https://wiki.gentoo.org/wiki/Community_Project:Project_Listing
Gentoo Wiki (Main)	Compaq Presario CQ5109DE	https://wiki.gentoo.org/wiki/Compaq_Presario_CQ5109DE
Gentoo Wiki (Main)	Comparison of init systems	https://wiki.gentoo.org/wiki/Comparison_of_init_systems
Gentoo Wiki (Main)	Comparison of virtual machines	https://wiki.gentoo.org/wiki/Comparison_of_virtual_machines
Gentoo Wiki (Main)	Compiz	https://wiki.gentoo.org/wiki/Compiz
Gentoo Wiki (Main)	Complete Virtual Mail Server	https://wiki.gentoo.org/wiki/Complete_Virtual_Mail_Server
Gentoo Wiki (Main)	Complete Virtual Mail Server/Admin Support Systems	https://wiki.gentoo.org/wiki/Complete_Virtual_Mail_Server/Admin_Support_Systems
Gentoo Wiki (Main)	Complete Virtual Mail Server/Courier-IMAP to Database	https://wiki.gentoo.org/wiki/Complete_Virtual_Mail_Server/Courier-IMAP_to_Database
Gentoo Wiki (Main)	Complete Virtual Mail Server/Dovecot to Database	https://wiki.gentoo.org/wiki/Complete_Virtual_Mail_Server/Dovecot_to_Database
Gentoo Wiki (Main)	Complete Virtual Mail Server/Linux vmail user	https://wiki.gentoo.org/wiki/Complete_Virtual_Mail_Server/Linux_vmail_user
Gentoo Wiki (Main)	Complete Virtual Mail Server/POP3	https://wiki.gentoo.org/wiki/Complete_Virtual_Mail_Server/POP3
Gentoo Wiki (Main)	Complete Virtual Mail Server/Postfix additions	https://wiki.gentoo.org/wiki/Complete_Virtual_Mail_Server/Postfix_additions
Gentoo Wiki (Main)	Complete Virtual Mail Server/Postfix to Database	https://wiki.gentoo.org/wiki/Complete_Virtual_Mail_Server/Postfix_to_Database
Gentoo Wiki (Main)	Complete Virtual Mail Server/Postfix to Database/Database Dump	https://wiki.gentoo.org/wiki/Complete_Virtual_Mail_Server/Postfix_to_Database/Database_Dump
Gentoo Wiki (Main)	Complete Virtual Mail Server/SMTP Auth Dovecot	https://wiki.gentoo.org/wiki/Complete_Virtual_Mail_Server/SMTP_Auth_Dovecot
Gentoo Wiki (Main)	Complete Virtual Mail Server/SMTP Authentication	https://wiki.gentoo.org/wiki/Complete_Virtual_Mail_Server/SMTP_Authentication
Gentoo Wiki (Main)	Complete Virtual Mail Server/SSL Certificates	https://wiki.gentoo.org/wiki/Complete_Virtual_Mail_Server/SSL_Certificates
Gentoo Wiki (Main)	Complete Virtual Mail Server/System Setup and Packages	https://wiki.gentoo.org/wiki/Complete_Virtual_Mail_Server/System_Setup_and_Packages
Gentoo Wiki (Main)	Complete Virtual Mail Server/ToDo	https://wiki.gentoo.org/wiki/Complete_Virtual_Mail_Server/ToDo
Gentoo Wiki (Main)	Complete Virtual Mail Server/Web Access	https://wiki.gentoo.org/wiki/Complete_Virtual_Mail_Server/Web_Access
Gentoo Wiki (Main)	Complete Virtual Mail Server/amavisd spamassassin clamav	https://wiki.gentoo.org/wiki/Complete_Virtual_Mail_Server/amavisd_spamassassin_clamav
Gentoo Wiki (Main)	Complete Virtual Mail Server/awstats	https://wiki.gentoo.org/wiki/Complete_Virtual_Mail_Server/awstats
Gentoo Wiki (Main)	Compose key	https://wiki.gentoo.org/wiki/Compose_key
Gentoo Wiki (Main)	Composer packaging	https://wiki.gentoo.org/wiki/Composer_packaging
Gentoo Wiki (Main)	Configuration file management	https://wiki.gentoo.org/wiki/Configuration_file_management
Gentoo Wiki (Main)	Configuration management	https://wiki.gentoo.org/wiki/Configuration_management
Gentoo Wiki (Main)	Configuring a system without elogind	https://wiki.gentoo.org/wiki/Configuring_a_system_without_elogind
Gentoo Wiki (Main)	Conky	https://wiki.gentoo.org/wiki/Conky
Gentoo Wiki (Main)	Conky/Guide	https://wiki.gentoo.org/wiki/Conky/Guide
Gentoo Wiki (Main)	Connman	https://wiki.gentoo.org/wiki/Connman
Gentoo Wiki (Main)	Containerd	https://wiki.gentoo.org/wiki/Containerd
Gentoo Wiki (Main)	Content Filter	https://wiki.gentoo.org/wiki/Content_Filter
Gentoo Wiki (Main)	Contributing to Gentoo	https://wiki.gentoo.org/wiki/Contributing_to_Gentoo
Gentoo Wiki (Main)	Coq	https://wiki.gentoo.org/wiki/Coq
Gentoo Wiki (Main)	Coreboot	https://wiki.gentoo.org/wiki/Coreboot
Gentoo Wiki (Main)	Corosync	https://wiki.gentoo.org/wiki/Corosync
Gentoo Wiki (Main)	Corsair Strafe RGB	https://wiki.gentoo.org/wiki/Corsair_Strafe_RGB
Gentoo Wiki (Main)	Cowsay	https://wiki.gentoo.org/wiki/Cowsay
Gentoo Wiki (Main)	Cpio	https://wiki.gentoo.org/wiki/Cpio
Gentoo Wiki (Main)	Cracklib	https://wiki.gentoo.org/wiki/Cracklib
Gentoo Wiki (Main)	Cramfs	https://wiki.gentoo.org/wiki/Cramfs
Gentoo Wiki (Main)	Create a Public Key Infrastructure Using the easy-rsa Scripts	https://wiki.gentoo.org/wiki/Create_a_Public_Key_Infrastructure_Using_the_easy-rsa_Scripts
Gentoo Wiki (Main)	Creating GitHub Pull Requests	https://wiki.gentoo.org/wiki/Creating_GitHub_Pull_Requests
Gentoo Wiki (Main)	Creating a patch	https://wiki.gentoo.org/wiki/Creating_a_patch
Gentoo Wiki (Main)	Creating an ebuild repository	https://wiki.gentoo.org/wiki/Creating_an_ebuild_repository
Gentoo Wiki (Main)	Creating bootable media for depthcharge based devices	https://wiki.gentoo.org/wiki/Creating_bootable_media_for_depthcharge_based_devices
Gentoo Wiki (Main)	Croaker	https://wiki.gentoo.org/wiki/Croaker
Gentoo Wiki (Main)	Cron	https://wiki.gentoo.org/wiki/Cron
Gentoo Wiki (Main)	Cross-Building for Raspberry Pi MicroControllers	https://wiki.gentoo.org/wiki/Cross-Building_for_Raspberry_Pi_MicroControllers
Gentoo Wiki (Main)	Cross Container Support Project	https://wiki.gentoo.org/wiki/Cross_Container_Support_Project
Gentoo Wiki (Main)	Cross build environment	https://wiki.gentoo.org/wiki/Cross_build_environment
Gentoo Wiki (Main)	Crossdev	https://wiki.gentoo.org/wiki/Crossdev
Gentoo Wiki (Main)	Crossdev/Testing packages via qemu	https://wiki.gentoo.org/wiki/Crossdev/Testing_packages_via_qemu
Gentoo Wiki (Main)	Crossdev qemu-static-user-chroot	https://wiki.gentoo.org/wiki/Crossdev_qemu-static-user-chroot
Gentoo Wiki (Main)	Csync2	https://wiki.gentoo.org/wiki/Csync2
Gentoo Wiki (Main)	Cubietruck	https://wiki.gentoo.org/wiki/Cubietruck
Gentoo Wiki (Main)	Cubox-i	https://wiki.gentoo.org/wiki/Cubox-i
Gentoo Wiki (Main)	Curl	https://wiki.gentoo.org/wiki/Curl
Gentoo Wiki (Main)	CurlFtpFS	https://wiki.gentoo.org/wiki/CurlFtpFS
Gentoo Wiki (Main)	Cursor themes	https://wiki.gentoo.org/wiki/Cursor_themes
Gentoo Wiki (Main)	Custom Initramfs	https://wiki.gentoo.org/wiki/Custom_Initramfs
Gentoo Wiki (Main)	Custom Initramfs/Examples	https://wiki.gentoo.org/wiki/Custom_Initramfs/Examples
Gentoo Wiki (Main)	Custom Initramfs/Hibernation	https://wiki.gentoo.org/wiki/Custom_Initramfs/Hibernation
Gentoo Wiki (Main)	Cvechecker	https://wiki.gentoo.org/wiki/Cvechecker
Gentoo Wiki (Main)	D-Bus	https://wiki.gentoo.org/wiki/D-Bus
Gentoo Wiki (Main)	D-Bus/background	https://wiki.gentoo.org/wiki/D-Bus/background
Gentoo Wiki (Main)	D-Bus/reference	https://wiki.gentoo.org/wiki/D-Bus/reference
Gentoo Wiki (Main)	DDE	https://wiki.gentoo.org/wiki/DDE
Gentoo Wiki (Main)	DELL081C Touchpad	https://wiki.gentoo.org/wiki/DELL081C_Touchpad
Gentoo Wiki (Main)	DELL0832 Touchpad	https://wiki.gentoo.org/wiki/DELL0832_Touchpad
Gentoo Wiki (Main)	DGX Spark	https://wiki.gentoo.org/wiki/DGX_Spark
Gentoo Wiki (Main)	DISTDIR	https://wiki.gentoo.org/wiki/DISTDIR
Gentoo Wiki (Main)	DKMS	https://wiki.gentoo.org/wiki/DKMS
Gentoo Wiki (Main)	DOSEMU	https://wiki.gentoo.org/wiki/DOSEMU
Gentoo Wiki (Main)	DRBD	https://wiki.gentoo.org/wiki/DRBD
Gentoo Wiki (Main)	DRBD with OCFS2	https://wiki.gentoo.org/wiki/DRBD_with_OCFS2
Gentoo Wiki (Main)	DTrace	https://wiki.gentoo.org/wiki/DTrace
Gentoo Wiki (Main)	DXVK	https://wiki.gentoo.org/wiki/DXVK
Gentoo Wiki (Main)	Daemontools	https://wiki.gentoo.org/wiki/Daemontools
Gentoo Wiki (Main)	Daemontools-encore	https://wiki.gentoo.org/wiki/Daemontools-encore
Gentoo Wiki (Main)	Dagrab	https://wiki.gentoo.org/wiki/Dagrab
Gentoo Wiki (Main)	Darcs	https://wiki.gentoo.org/wiki/Darcs
Gentoo Wiki (Main)	Darktable	https://wiki.gentoo.org/wiki/Darktable
Gentoo Wiki (Main)	Dash	https://wiki.gentoo.org/wiki/Dash
Gentoo Wiki (Main)	Data compression	https://wiki.gentoo.org/wiki/Data_compression
Gentoo Wiki (Main)	Dc	https://wiki.gentoo.org/wiki/Dc
Gentoo Wiki (Main)	Dcfldd	https://wiki.gentoo.org/wiki/Dcfldd
Gentoo Wiki (Main)	Dd	https://wiki.gentoo.org/wiki/Dd
Gentoo Wiki (Main)	Ddclient	https://wiki.gentoo.org/wiki/Ddclient
Gentoo Wiki (Main)	Ddcutil	https://wiki.gentoo.org/wiki/Ddcutil
Gentoo Wiki (Main)	Ddrescue	https://wiki.gentoo.org/wiki/Ddrescue
Gentoo Wiki (Main)	Debugfs	https://wiki.gentoo.org/wiki/Debugfs
Gentoo Wiki (Main)	Debugging	https://wiki.gentoo.org/wiki/Debugging
Gentoo Wiki (Main)	Debuginfod	https://wiki.gentoo.org/wiki/Debuginfod
Gentoo Wiki (Main)	Dedicated Build Machine-Single ARCH	https://wiki.gentoo.org/wiki/Dedicated_Build_Machine-Single_ARCH
Gentoo Wiki (Main)	Deduplication	https://wiki.gentoo.org/wiki/Deduplication
Gentoo Wiki (Main)	Deeg05:U-Boot	https://wiki.gentoo.org/wiki/Deeg05:U-Boot
Gentoo Wiki (Main)	Default applications	https://wiki.gentoo.org/wiki/Default_applications
Gentoo Wiki (Main)	Dell DA200	https://wiki.gentoo.org/wiki/Dell_DA200
Gentoo Wiki (Main)	Dell DA310	https://wiki.gentoo.org/wiki/Dell_DA310
Gentoo Wiki (Main)	Dell Inspiron 15 5515	https://wiki.gentoo.org/wiki/Dell_Inspiron_15_5515
Gentoo Wiki (Main)	Dell Inspiron 3195	https://wiki.gentoo.org/wiki/Dell_Inspiron_3195
Gentoo Wiki (Main)	Dell Inspiron 3501	https://wiki.gentoo.org/wiki/Dell_Inspiron_3501
Gentoo Wiki (Main)	Dell Inspiron 3537	https://wiki.gentoo.org/wiki/Dell_Inspiron_3537
Gentoo Wiki (Main)	Dell Latitude 5491	https://wiki.gentoo.org/wiki/Dell_Latitude_5491
Gentoo Wiki (Main)	Dell Latitude 5495	https://wiki.gentoo.org/wiki/Dell_Latitude_5495
Gentoo Wiki (Main)	Dell Latitude 5580	https://wiki.gentoo.org/wiki/Dell_Latitude_5580
Gentoo Wiki (Main)	Dell Latitude 7390	https://wiki.gentoo.org/wiki/Dell_Latitude_7390
Gentoo Wiki (Main)	Dell Latitude 7480	https://wiki.gentoo.org/wiki/Dell_Latitude_7480
Gentoo Wiki (Main)	Dell Latitude 7490	https://wiki.gentoo.org/wiki/Dell_Latitude_7490
Gentoo Wiki (Main)	Dell Latitude D630 D830	https://wiki.gentoo.org/wiki/Dell_Latitude_D630_D830
Gentoo Wiki (Main)	Dell Latitude D810	https://wiki.gentoo.org/wiki/Dell_Latitude_D810
Gentoo Wiki (Main)	Dell Latitude E6430 (CYRTRY1)	https://wiki.gentoo.org/wiki/Dell_Latitude_E6430_(CYRTRY1)
Gentoo Wiki (Main)	Dell Latitude E7470	https://wiki.gentoo.org/wiki/Dell_Latitude_E7470
Gentoo Wiki (Main)	Dell Precision 3470	https://wiki.gentoo.org/wiki/Dell_Precision_3470
Gentoo Wiki (Main)	Dell SD25	https://wiki.gentoo.org/wiki/Dell_SD25
Gentoo Wiki (Main)	Dell XPS 13-L321X Ultrabook	https://wiki.gentoo.org/wiki/Dell_XPS_13-L321X_Ultrabook
Gentoo Wiki (Main)	Dell XPS 13 2-in-1 (7390)	https://wiki.gentoo.org/wiki/Dell_XPS_13_2-in-1_(7390)
Gentoo Wiki (Main)	Dell XPS 13 9343	https://wiki.gentoo.org/wiki/Dell_XPS_13_9343
Gentoo Wiki (Main)	Dell XPS 13 9350	https://wiki.gentoo.org/wiki/Dell_XPS_13_9350
Gentoo Wiki (Main)	Dell XPS 13 9360	https://wiki.gentoo.org/wiki/Dell_XPS_13_9360
Gentoo Wiki (Main)	Dell XPS 15 7590	https://wiki.gentoo.org/wiki/Dell_XPS_15_7590
Gentoo Wiki (Main)	Dell XPS 15 9550	https://wiki.gentoo.org/wiki/Dell_XPS_15_9550
Gentoo Wiki (Main)	Dell XPS 15 9560	https://wiki.gentoo.org/wiki/Dell_XPS_15_9560
Gentoo Wiki (Main)	Dell XPS 15 9570	https://wiki.gentoo.org/wiki/Dell_XPS_15_9570
Gentoo Wiki (Main)	Dell XPS 15 Touch 9530	https://wiki.gentoo.org/wiki/Dell_XPS_15_Touch_9530
Gentoo Wiki (Main)	Dell XPS 15z	https://wiki.gentoo.org/wiki/Dell_XPS_15z
Gentoo Wiki (Main)	Dell XPS 17	https://wiki.gentoo.org/wiki/Dell_XPS_17
Gentoo Wiki (Main)	Dell XPS 9365	https://wiki.gentoo.org/wiki/Dell_XPS_9365
Gentoo Wiki (Main)	Deluge	https://wiki.gentoo.org/wiki/Deluge
Gentoo Wiki (Main)	Desktop Entry Specification	https://wiki.gentoo.org/wiki/Desktop_Entry_Specification
Gentoo Wiki (Main)	Desktop environment	https://wiki.gentoo.org/wiki/Desktop_environment
Gentoo Wiki (Main)	Detox	https://wiki.gentoo.org/wiki/Detox
Gentoo Wiki (Main)	Device-mapper	https://wiki.gentoo.org/wiki/Device-mapper
Gentoo Wiki (Main)	Device file	https://wiki.gentoo.org/wiki/Device_file
Gentoo Wiki (Main)	Dhcpcd	https://wiki.gentoo.org/wiki/Dhcpcd
Gentoo Wiki (Main)	Dhcpcd-ui	https://wiki.gentoo.org/wiki/Dhcpcd-ui
Gentoo Wiki (Main)	Dictd	https://wiki.gentoo.org/wiki/Dictd
Gentoo Wiki (Main)	Diffutils	https://wiki.gentoo.org/wiki/Diffutils
Gentoo Wiki (Main)	Dinit	https://wiki.gentoo.org/wiki/Dinit
Gentoo Wiki (Main)	Discard over USB	https://wiki.gentoo.org/wiki/Discard_over_USB
Gentoo Wiki (Main)	Discord	https://wiki.gentoo.org/wiki/Discord
Gentoo Wiki (Main)	Disk quotas	https://wiki.gentoo.org/wiki/Disk_quotas
Gentoo Wiki (Main)	Diskless nodes	https://wiki.gentoo.org/wiki/Diskless_nodes
Gentoo Wiki (Main)	Dislocker	https://wiki.gentoo.org/wiki/Dislocker
Gentoo Wiki (Main)	Dispatch-conf	https://wiki.gentoo.org/wiki/Dispatch-conf
Gentoo Wiki (Main)	DisplayLink	https://wiki.gentoo.org/wiki/DisplayLink
Gentoo Wiki (Main)	Display manager	https://wiki.gentoo.org/wiki/Display_manager
Gentoo Wiki (Main)	Distcc	https://wiki.gentoo.org/wiki/Distcc
Gentoo Wiki (Main)	Distcc/Cross-Compiling	https://wiki.gentoo.org/wiki/Distcc/Cross-Compiling
Gentoo Wiki (Main)	Distribution Kernel	https://wiki.gentoo.org/wiki/Distribution_Kernel
Gentoo Wiki (Main)	Distributions based on Gentoo	https://wiki.gentoo.org/wiki/Distributions_based_on_Gentoo
Gentoo Wiki (Main)	Distrobox	https://wiki.gentoo.org/wiki/Distrobox
Gentoo Wiki (Main)	Distrobuilder	https://wiki.gentoo.org/wiki/Distrobuilder
Gentoo Wiki (Main)	Django	https://wiki.gentoo.org/wiki/Django
Gentoo Wiki (Main)	Djbdns	https://wiki.gentoo.org/wiki/Djbdns
Gentoo Wiki (Main)	Dlang	https://wiki.gentoo.org/wiki/Dlang
Gentoo Wiki (Main)	Dm-crypt	https://wiki.gentoo.org/wiki/Dm-crypt
Gentoo Wiki (Main)	Dm-crypt (FR)	https://wiki.gentoo.org/wiki/Dm-crypt_(FR)
Gentoo Wiki (Main)	Dmidecode	https://wiki.gentoo.org/wiki/Dmidecode
Gentoo Wiki (Main)	Dnsmasq	https://wiki.gentoo.org/wiki/Dnsmasq
Gentoo Wiki (Main)	Doas	https://wiki.gentoo.org/wiki/Doas
Gentoo Wiki (Main)	Docker	https://wiki.gentoo.org/wiki/Docker
Gentoo Wiki (Main)	Docker/Compose	https://wiki.gentoo.org/wiki/Docker/Compose
Gentoo Wiki (Main)	Dokuwiki	https://wiki.gentoo.org/wiki/Dokuwiki
Gentoo Wiki (Main)	Dolphin	https://wiki.gentoo.org/wiki/Dolphin
Gentoo Wiki (Main)	Dolphin emulator	https://wiki.gentoo.org/wiki/Dolphin_emulator
Gentoo Wiki (Main)	Dos2unix	https://wiki.gentoo.org/wiki/Dos2unix
Gentoo Wiki (Main)	Dotnet/Devguide	https://wiki.gentoo.org/wiki/Dotnet/Devguide
Gentoo Wiki (Main)	Downgrading a package to removed version	https://wiki.gentoo.org/wiki/Downgrading_a_package_to_removed_version
Gentoo Wiki (Main)	Dracut	https://wiki.gentoo.org/wiki/Dracut
Gentoo Wiki (Main)	Dragonboard410c	https://wiki.gentoo.org/wiki/Dragonboard410c
Gentoo Wiki (Main)	DreamPlug	https://wiki.gentoo.org/wiki/DreamPlug
Gentoo Wiki (Main)	Drive Migration or Switching Laptops	https://wiki.gentoo.org/wiki/Drive_Migration_or_Switching_Laptops
Gentoo Wiki (Main)	Driverless printing	https://wiki.gentoo.org/wiki/Driverless_printing
Gentoo Wiki (Main)	Droidcam	https://wiki.gentoo.org/wiki/Droidcam
Gentoo Wiki (Main)	Dropbear	https://wiki.gentoo.org/wiki/Dropbear
Gentoo Wiki (Main)	Dropbox	https://wiki.gentoo.org/wiki/Dropbox
Gentoo Wiki (Main)	Drupal	https://wiki.gentoo.org/wiki/Drupal
Gentoo Wiki (Main)	Dsh	https://wiki.gentoo.org/wiki/Dsh
Gentoo Wiki (Main)	Dtc	https://wiki.gentoo.org/wiki/Dtc
Gentoo Wiki (Main)	Dual-boot Gentoo and FreeBSD zfs	https://wiki.gentoo.org/wiki/Dual-boot_Gentoo_and_FreeBSD_zfs
Gentoo Wiki (Main)	Dual-boot Gentoo and Windows 7 with BIOS-powered software raid	https://wiki.gentoo.org/wiki/Dual-boot_Gentoo_and_Windows_7_with_BIOS-powered_software_raid
Gentoo Wiki (Main)	Dunst	https://wiki.gentoo.org/wiki/Dunst
Gentoo Wiki (Main)	Duperemove	https://wiki.gentoo.org/wiki/Duperemove
Gentoo Wiki (Main)	Duplicity	https://wiki.gentoo.org/wiki/Duplicity
Gentoo Wiki (Main)	Dust	https://wiki.gentoo.org/wiki/Dust
Gentoo Wiki (Main)	Dwarf Fortress	https://wiki.gentoo.org/wiki/Dwarf_Fortress
Gentoo Wiki (Main)	Dwm	https://wiki.gentoo.org/wiki/Dwm
Gentoo Wiki (Main)	Démarrage sécurisé	https://wiki.gentoo.org/wiki/D%C3%A9marrage_s%C3%A9curis%C3%A9
Gentoo Wiki (Main)	EAPI	https://wiki.gentoo.org/wiki/EAPI
Gentoo Wiki (Main)	ECC	https://wiki.gentoo.org/wiki/ECC
Gentoo Wiki (Main)	ECC RAM	https://wiki.gentoo.org/wiki/ECC_RAM
Gentoo Wiki (Main)	ECryptfs	https://wiki.gentoo.org/wiki/ECryptfs
Gentoo Wiki (Main)	EFI System Partition	https://wiki.gentoo.org/wiki/EFI_System_Partition
Gentoo Wiki (Main)	EFI stub	https://wiki.gentoo.org/wiki/EFI_stub
Gentoo Wiki (Main)	EMERGE DEFAULT OPTS	https://wiki.gentoo.org/wiki/EMERGE_DEFAULT_OPTS
Gentoo Wiki (Main)	ESPRESSOBin	https://wiki.gentoo.org/wiki/ESPRESSOBin
Gentoo Wiki (Main)	Early Userspace Mounting	https://wiki.gentoo.org/wiki/Early_Userspace_Mounting
Gentoo Wiki (Main)	Easy Effects	https://wiki.gentoo.org/wiki/Easy_Effects
Gentoo Wiki (Main)	Easynote TE69BM	https://wiki.gentoo.org/wiki/Easynote_TE69BM
Gentoo Wiki (Main)	Ebuild	https://wiki.gentoo.org/wiki/Ebuild
Gentoo Wiki (Main)	Ebuild guidance for ecosystems	https://wiki.gentoo.org/wiki/Ebuild_guidance_for_ecosystems
Gentoo Wiki (Main)	Ebuild repository	https://wiki.gentoo.org/wiki/Ebuild_repository
Gentoo Wiki (Main)	Ebuildtester	https://wiki.gentoo.org/wiki/Ebuildtester
Gentoo Wiki (Main)	Eclass	https://wiki.gentoo.org/wiki/Eclass
Gentoo Wiki (Main)	Eclass testing	https://wiki.gentoo.org/wiki/Eclass_testing
Gentoo Wiki (Main)	Eclean	https://wiki.gentoo.org/wiki/Eclean
Gentoo Wiki (Main)	Eclipse	https://wiki.gentoo.org/wiki/Eclipse
Gentoo Wiki (Main)	Eclipse/Building From Source	https://wiki.gentoo.org/wiki/Eclipse/Building_From_Source
Gentoo Wiki (Main)	Ed	https://wiki.gentoo.org/wiki/Ed
Gentoo Wiki (Main)	Editbugs privilege	https://wiki.gentoo.org/wiki/Editbugs_privilege
Gentoo Wiki (Main)	Eduroam	https://wiki.gentoo.org/wiki/Eduroam
Gentoo Wiki (Main)	Efibootmgr	https://wiki.gentoo.org/wiki/Efibootmgr
Gentoo Wiki (Main)	Efivarfs	https://wiki.gentoo.org/wiki/Efivarfs
Gentoo Wiki (Main)	Egencache	https://wiki.gentoo.org/wiki/Egencache
Gentoo Wiki (Main)	Eix	https://wiki.gentoo.org/wiki/Eix
Gentoo Wiki (Main)	Ejabberd	https://wiki.gentoo.org/wiki/Ejabberd
Gentoo Wiki (Main)	Electronic identification	https://wiki.gentoo.org/wiki/Electronic_identification
Gentoo Wiki (Main)	Elivepatch	https://wiki.gentoo.org/wiki/Elivepatch
Gentoo Wiki (Main)	Elixir	https://wiki.gentoo.org/wiki/Elixir
Gentoo Wiki (Main)	Elogind	https://wiki.gentoo.org/wiki/Elogind
Gentoo Wiki (Main)	Elogv	https://wiki.gentoo.org/wiki/Elogv
Gentoo Wiki (Main)	Eloi	https://wiki.gentoo.org/wiki/Eloi
Gentoo Wiki (Main)	Elsw	https://wiki.gentoo.org/wiki/Elsw
Gentoo Wiki (Main)	Emacs	https://wiki.gentoo.org/wiki/Emacs
Gentoo Wiki (Main)	Emacs NotMuch Email Client	https://wiki.gentoo.org/wiki/Emacs_NotMuch_Email_Client
Gentoo Wiki (Main)	Email	https://wiki.gentoo.org/wiki/Email
Gentoo Wiki (Main)	Embedded Handbook	https://wiki.gentoo.org/wiki/Embedded_Handbook
Gentoo Wiki (Main)	Embedded Handbook/Boards	https://wiki.gentoo.org/wiki/Embedded_Handbook/Boards
Gentoo Wiki (Main)	Embedded Handbook/Boards/ACME SYSTEMS Netus G20	https://wiki.gentoo.org/wiki/Embedded_Handbook/Boards/ACME_SYSTEMS_Netus_G20
Gentoo Wiki (Main)	Embedded Handbook/Boards/Hammer Board and Nail Board	https://wiki.gentoo.org/wiki/Embedded_Handbook/Boards/Hammer_Board_and_Nail_Board
Gentoo Wiki (Main)	Embedded Handbook/Boards/LANTank	https://wiki.gentoo.org/wiki/Embedded_Handbook/Boards/LANTank
Gentoo Wiki (Main)	Embedded Handbook/Boards/Marvell Sheevaplug	https://wiki.gentoo.org/wiki/Embedded_Handbook/Boards/Marvell_Sheevaplug
Gentoo Wiki (Main)	Embedded Handbook/Boards/NSLU2	https://wiki.gentoo.org/wiki/Embedded_Handbook/Boards/NSLU2
Gentoo Wiki (Main)	Embedded Handbook/Boards/Pine64/QuartzPro64	https://wiki.gentoo.org/wiki/Embedded_Handbook/Boards/Pine64/QuartzPro64
Gentoo Wiki (Main)	Embedded Handbook/Boards/Pine64 STAR64	https://wiki.gentoo.org/wiki/Embedded_Handbook/Boards/Pine64_STAR64
Gentoo Wiki (Main)	Embedded Handbook/Boards/QNAP TurboStation 109/209/409	https://wiki.gentoo.org/wiki/Embedded_Handbook/Boards/QNAP_TurboStation_109/209/409
Gentoo Wiki (Main)	Embedded Handbook/Bootloaders	https://wiki.gentoo.org/wiki/Embedded_Handbook/Bootloaders
Gentoo Wiki (Main)	Embedded Handbook/Bootloaders/Das U-Boot	https://wiki.gentoo.org/wiki/Embedded_Handbook/Bootloaders/Das_U-Boot
Gentoo Wiki (Main)	Embedded Handbook/Bootloaders/NeTTrom	https://wiki.gentoo.org/wiki/Embedded_Handbook/Bootloaders/NeTTrom
Gentoo Wiki (Main)	Embedded Handbook/Bootloaders/RedBoot	https://wiki.gentoo.org/wiki/Embedded_Handbook/Bootloaders/RedBoot
Gentoo Wiki (Main)	Embedded Handbook/Bootloaders/SH-LILO	https://wiki.gentoo.org/wiki/Embedded_Handbook/Bootloaders/SH-LILO
Gentoo Wiki (Main)	Embedded Handbook/Emulators	https://wiki.gentoo.org/wiki/Embedded_Handbook/Emulators
Gentoo Wiki (Main)	Embedded Handbook/Emulators/Armulator	https://wiki.gentoo.org/wiki/Embedded_Handbook/Emulators/Armulator
Gentoo Wiki (Main)	Embedded Handbook/Emulators/Hercules	https://wiki.gentoo.org/wiki/Embedded_Handbook/Emulators/Hercules
Gentoo Wiki (Main)	Embedded Handbook/Emulators/Qemu	https://wiki.gentoo.org/wiki/Embedded_Handbook/Emulators/Qemu
Gentoo Wiki (Main)	Embedded Handbook/General	https://wiki.gentoo.org/wiki/Embedded_Handbook/General
Gentoo Wiki (Main)	Embedded Handbook/General/Compiling with QEMU user chroot	https://wiki.gentoo.org/wiki/Embedded_Handbook/General/Compiling_with_QEMU_user_chroot
Gentoo Wiki (Main)	Embedded Handbook/General/Creating a cross-compiler	https://wiki.gentoo.org/wiki/Embedded_Handbook/General/Creating_a_cross-compiler
Gentoo Wiki (Main)	Embedded Handbook/General/Cross-compiling the kernel	https://wiki.gentoo.org/wiki/Embedded_Handbook/General/Cross-compiling_the_kernel
Gentoo Wiki (Main)	Embedded Handbook/General/Cross-compiling with Portage	https://wiki.gentoo.org/wiki/Embedded_Handbook/General/Cross-compiling_with_Portage
Gentoo Wiki (Main)	Embedded Handbook/General/Frequently asked questions	https://wiki.gentoo.org/wiki/Embedded_Handbook/General/Frequently_asked_questions
Gentoo Wiki (Main)	Embedded Handbook/General/Full	https://wiki.gentoo.org/wiki/Embedded_Handbook/General/Full
Gentoo Wiki (Main)	Embedded Handbook/General/Introduction	https://wiki.gentoo.org/wiki/Embedded_Handbook/General/Introduction
Gentoo Wiki (Main)	Embedded Handbook/Navigator	https://wiki.gentoo.org/wiki/Embedded_Handbook/Navigator
Gentoo Wiki (Main)	Embedded Handbook/TOC	https://wiki.gentoo.org/wiki/Embedded_Handbook/TOC
Gentoo Wiki (Main)	Embedded Handbook/Tuples	https://wiki.gentoo.org/wiki/Embedded_Handbook/Tuples
Gentoo Wiki (Main)	Embedded systems	https://wiki.gentoo.org/wiki/Embedded_systems
Gentoo Wiki (Main)	Emerge	https://wiki.gentoo.org/wiki/Emerge
Gentoo Wiki (Main)	Emlop	https://wiki.gentoo.org/wiki/Emlop
Gentoo Wiki (Main)	Encfs	https://wiki.gentoo.org/wiki/Encfs
Gentoo Wiki (Main)	Encrypt a home directory with ECryptfs	https://wiki.gentoo.org/wiki/Encrypt_a_home_directory_with_ECryptfs
Gentoo Wiki (Main)	Encrypted bootable media with SecureBoot/GRUB/LUKS	https://wiki.gentoo.org/wiki/Encrypted_bootable_media_with_SecureBoot/GRUB/LUKS
Gentoo Wiki (Main)	Enlightenment	https://wiki.gentoo.org/wiki/Enlightenment
Gentoo Wiki (Main)	Epiphany	https://wiki.gentoo.org/wiki/Epiphany
Gentoo Wiki (Main)	Epkginfo	https://wiki.gentoo.org/wiki/Epkginfo
Gentoo Wiki (Main)	Equery	https://wiki.gentoo.org/wiki/Equery
Gentoo Wiki (Main)	Erlang	https://wiki.gentoo.org/wiki/Erlang
Gentoo Wiki (Main)	Eselect	https://wiki.gentoo.org/wiki/Eselect
Gentoo Wiki (Main)	Eselect/Repository	https://wiki.gentoo.org/wiki/Eselect/Repository
Gentoo Wiki (Main)	Etc-update	https://wiki.gentoo.org/wiki/Etc-update
Gentoo Wiki (Main)	Etckeeper	https://wiki.gentoo.org/wiki/Etckeeper
Gentoo Wiki (Main)	Ethernet	https://wiki.gentoo.org/wiki/Ethernet
Gentoo Wiki (Main)	Ethernet plus WiFi Bridge Router and Firewall	https://wiki.gentoo.org/wiki/Ethernet_plus_WiFi_Bridge_Router_and_Firewall
Gentoo Wiki (Main)	Eudev	https://wiki.gentoo.org/wiki/Eudev
Gentoo Wiki (Main)	Eudev/Network device names	https://wiki.gentoo.org/wiki/Eudev/Network_device_names
Gentoo Wiki (Main)	Euse	https://wiki.gentoo.org/wiki/Euse
Gentoo Wiki (Main)	Evdev	https://wiki.gentoo.org/wiki/Evdev
Gentoo Wiki (Main)	ExFAT	https://wiki.gentoo.org/wiki/ExFAT
Gentoo Wiki (Main)	Exim	https://wiki.gentoo.org/wiki/Exim
Gentoo Wiki (Main)	Ext4	https://wiki.gentoo.org/wiki/Ext4
Gentoo Wiki (Main)	Ext4/badblocks	https://wiki.gentoo.org/wiki/Ext4/badblocks
Gentoo Wiki (Main)	Ext4 encryption	https://wiki.gentoo.org/wiki/Ext4_encryption
Gentoo Wiki (Main)	Extended Verification Module	https://wiki.gentoo.org/wiki/Extended_Verification_Module
Gentoo Wiki (Main)	Extract Blu-ray audio with FFmpeg	https://wiki.gentoo.org/wiki/Extract_Blu-ray_audio_with_FFmpeg
Gentoo Wiki (Main)	Extreme TuxRacer	https://wiki.gentoo.org/wiki/Extreme_TuxRacer
Gentoo Wiki (Main)	Eza	https://wiki.gentoo.org/wiki/Eza
Gentoo Wiki (Main)	F2FS	https://wiki.gentoo.org/wiki/F2FS
Gentoo Wiki (Main)	F3	https://wiki.gentoo.org/wiki/F3
Gentoo Wiki (Main)	FAQ	https://wiki.gentoo.org/wiki/FAQ
Gentoo Wiki (Main)	FASM	https://wiki.gentoo.org/wiki/FASM
Gentoo Wiki (Main)	FAT	https://wiki.gentoo.org/wiki/FAT
Gentoo Wiki (Main)	FEATURES	https://wiki.gentoo.org/wiki/FEATURES
Gentoo Wiki (Main)	FETCHCOMMAND	https://wiki.gentoo.org/wiki/FETCHCOMMAND
Gentoo Wiki (Main)	FFmpeg	https://wiki.gentoo.org/wiki/FFmpeg
Gentoo Wiki (Main)	FOSDEM 2012	https://wiki.gentoo.org/wiki/FOSDEM_2012
Gentoo Wiki (Main)	FOSDEM 2013	https://wiki.gentoo.org/wiki/FOSDEM_2013
Gentoo Wiki (Main)	FOSDEM 2014	https://wiki.gentoo.org/wiki/FOSDEM_2014
Gentoo Wiki (Main)	FOSDEM 2015	https://wiki.gentoo.org/wiki/FOSDEM_2015
Gentoo Wiki (Main)	FOSDEM 2016	https://wiki.gentoo.org/wiki/FOSDEM_2016
Gentoo Wiki (Main)	FOSDEM 2016/Planning	https://wiki.gentoo.org/wiki/FOSDEM_2016/Planning
Gentoo Wiki (Main)	FOSDEM 2017	https://wiki.gentoo.org/wiki/FOSDEM_2017
Gentoo Wiki (Main)	FOSDEM 2018	https://wiki.gentoo.org/wiki/FOSDEM_2018
Gentoo Wiki (Main)	FOSDEM 2019	https://wiki.gentoo.org/wiki/FOSDEM_2019
Gentoo Wiki (Main)	FOSDEM 2020	https://wiki.gentoo.org/wiki/FOSDEM_2020
Gentoo Wiki (Main)	FOSDEM 2023	https://wiki.gentoo.org/wiki/FOSDEM_2023
Gentoo Wiki (Main)	FOSDEM 2024	https://wiki.gentoo.org/wiki/FOSDEM_2024
Gentoo Wiki (Main)	FOSDEM 2025	https://wiki.gentoo.org/wiki/FOSDEM_2025
Gentoo Wiki (Main)	FOSDEM 2026	https://wiki.gentoo.org/wiki/FOSDEM_2026
Gentoo Wiki (Main)	FTP	https://wiki.gentoo.org/wiki/FTP
Gentoo Wiki (Main)	FVWM	https://wiki.gentoo.org/wiki/FVWM
Gentoo Wiki (Main)	FVWM-Crystal	https://wiki.gentoo.org/wiki/FVWM-Crystal
Gentoo Wiki (Main)	Fail2ban	https://wiki.gentoo.org/wiki/Fail2ban
Gentoo Wiki (Main)	Falkon	https://wiki.gentoo.org/wiki/Falkon
Gentoo Wiki (Main)	Fan speed control	https://wiki.gentoo.org/wiki/Fan_speed_control
Gentoo Wiki (Main)	Fan speed control/lm sensors' fancontrol	https://wiki.gentoo.org/wiki/Fan_speed_control/lm_sensors%27_fancontrol
Gentoo Wiki (Main)	Fan speed control/thinkfan	https://wiki.gentoo.org/wiki/Fan_speed_control/thinkfan
Gentoo Wiki (Main)	Fapolicyd	https://wiki.gentoo.org/wiki/Fapolicyd
Gentoo Wiki (Main)	Fast Virtio VM	https://wiki.gentoo.org/wiki/Fast_Virtio_VM
Gentoo Wiki (Main)	Fastfetch	https://wiki.gentoo.org/wiki/Fastfetch
Gentoo Wiki (Main)	Fbsplash	https://wiki.gentoo.org/wiki/Fbsplash
Gentoo Wiki (Main)	Fcitx	https://wiki.gentoo.org/wiki/Fcitx
Gentoo Wiki (Main)	Fdisk	https://wiki.gentoo.org/wiki/Fdisk
Gentoo Wiki (Main)	Fdupes	https://wiki.gentoo.org/wiki/Fdupes
Gentoo Wiki (Main)	Fediverse	https://wiki.gentoo.org/wiki/Fediverse
Gentoo Wiki (Main)	Feh	https://wiki.gentoo.org/wiki/Feh
Gentoo Wiki (Main)	Fglrx	https://wiki.gentoo.org/wiki/Fglrx
Gentoo Wiki (Main)	Fglrx Quick Switch	https://wiki.gentoo.org/wiki/Fglrx_Quick_Switch
Gentoo Wiki (Main)	Fibocom L860-GL-16	https://wiki.gentoo.org/wiki/Fibocom_L860-GL-16
Gentoo Wiki (Main)	Fiio K11	https://wiki.gentoo.org/wiki/Fiio_K11
Gentoo Wiki (Main)	File managers	https://wiki.gentoo.org/wiki/File_managers
Gentoo Wiki (Main)	File permissions	https://wiki.gentoo.org/wiki/File_permissions
Gentoo Wiki (Main)	Filesystem	https://wiki.gentoo.org/wiki/Filesystem
Gentoo Wiki (Main)	Filesystem/Access Control List Guide	https://wiki.gentoo.org/wiki/Filesystem/Access_Control_List_Guide
Gentoo Wiki (Main)	Filesystem/Security	https://wiki.gentoo.org/wiki/Filesystem/Security
Gentoo Wiki (Main)	Filesystem Hierarchy Standard	https://wiki.gentoo.org/wiki/Filesystem_Hierarchy_Standard
Gentoo Wiki (Main)	Filesystem in Userspace	https://wiki.gentoo.org/wiki/Filesystem_in_Userspace
Gentoo Wiki (Main)	Find	https://wiki.gentoo.org/wiki/Find
Gentoo Wiki (Main)	Find-work	https://wiki.gentoo.org/wiki/Find-work
Gentoo Wiki (Main)	Fingerprint Reader	https://wiki.gentoo.org/wiki/Fingerprint_Reader
Gentoo Wiki (Main)	FireWire	https://wiki.gentoo.org/wiki/FireWire
Gentoo Wiki (Main)	Firefox	https://wiki.gentoo.org/wiki/Firefox
Gentoo Wiki (Main)	Firefox/Sync Server	https://wiki.gentoo.org/wiki/Firefox/Sync_Server
Gentoo Wiki (Main)	Firefox/troubleshooting	https://wiki.gentoo.org/wiki/Firefox/troubleshooting
Gentoo Wiki (Main)	Firefox OS	https://wiki.gentoo.org/wiki/Firefox_OS
Gentoo Wiki (Main)	Firejail	https://wiki.gentoo.org/wiki/Firejail
Gentoo Wiki (Main)	Firewalld	https://wiki.gentoo.org/wiki/Firewalld
Gentoo Wiki (Main)	Fish	https://wiki.gentoo.org/wiki/Fish
Gentoo Wiki (Main)	Fix my Gentoo	https://wiki.gentoo.org/wiki/Fix_my_Gentoo
Gentoo Wiki (Main)	Flac	https://wiki.gentoo.org/wiki/Flac
Gentoo Wiki (Main)	Flameshot	https://wiki.gentoo.org/wiki/Flameshot
Gentoo Wiki (Main)	Flatpak	https://wiki.gentoo.org/wiki/Flatpak
Gentoo Wiki (Main)	Flicker Free Boot	https://wiki.gentoo.org/wiki/Flicker_Free_Boot
Gentoo Wiki (Main)	FlightGear	https://wiki.gentoo.org/wiki/FlightGear
Gentoo Wiki (Main)	FluidSynth	https://wiki.gentoo.org/wiki/FluidSynth
Gentoo Wiki (Main)	Fluxbox	https://wiki.gentoo.org/wiki/Fluxbox
Gentoo Wiki (Main)	Foldingathome	https://wiki.gentoo.org/wiki/Foldingathome
Gentoo Wiki (Main)	Foliate	https://wiki.gentoo.org/wiki/Foliate
Gentoo Wiki (Main)	Fontconfig	https://wiki.gentoo.org/wiki/Fontconfig
Gentoo Wiki (Main)	Fonts	https://wiki.gentoo.org/wiki/Fonts
Gentoo Wiki (Main)	Fonts/Background	https://wiki.gentoo.org/wiki/Fonts/Background
Gentoo Wiki (Main)	Fonts/Console	https://wiki.gentoo.org/wiki/Fonts/Console
Gentoo Wiki (Main)	Fonts/Software	https://wiki.gentoo.org/wiki/Fonts/Software
Gentoo Wiki (Main)	Foot	https://wiki.gentoo.org/wiki/Foot
Gentoo Wiki (Main)	Forgejo	https://wiki.gentoo.org/wiki/Forgejo
Gentoo Wiki (Main)	Forth	https://wiki.gentoo.org/wiki/Forth
Gentoo Wiki (Main)	Fortran	https://wiki.gentoo.org/wiki/Fortran
Gentoo Wiki (Main)	Fortune	https://wiki.gentoo.org/wiki/Fortune
Gentoo Wiki (Main)	FrOSCon 2019	https://wiki.gentoo.org/wiki/FrOSCon_2019
Gentoo Wiki (Main)	FrOSCon 2022	https://wiki.gentoo.org/wiki/FrOSCon_2022
Gentoo Wiki (Main)	FrOSCon 2023	https://wiki.gentoo.org/wiki/FrOSCon_2023
Gentoo Wiki (Main)	FrOSCon 2024	https://wiki.gentoo.org/wiki/FrOSCon_2024
Gentoo Wiki (Main)	FrOSCon 2025	https://wiki.gentoo.org/wiki/FrOSCon_2025
Gentoo Wiki (Main)	FrOSCon 2026	https://wiki.gentoo.org/wiki/FrOSCon_2026
Gentoo Wiki (Main)	Framebuffer	https://wiki.gentoo.org/wiki/Framebuffer
Gentoo Wiki (Main)	Framework Expansion Cards	https://wiki.gentoo.org/wiki/Framework_Expansion_Cards
Gentoo Wiki (Main)	Framework Laptop 13	https://wiki.gentoo.org/wiki/Framework_Laptop_13
Gentoo Wiki (Main)	Framework Laptop 16	https://wiki.gentoo.org/wiki/Framework_Laptop_16
Gentoo Wiki (Main)	FreeBASIC	https://wiki.gentoo.org/wiki/FreeBASIC
Gentoo Wiki (Main)	FreeRADIUS	https://wiki.gentoo.org/wiki/FreeRADIUS
Gentoo Wiki (Main)	FreeTube	https://wiki.gentoo.org/wiki/FreeTube
Gentoo Wiki (Main)	FreeType	https://wiki.gentoo.org/wiki/FreeType
Gentoo Wiki (Main)	Freefall	https://wiki.gentoo.org/wiki/Freefall
Gentoo Wiki (Main)	FriendlyElec NanoPi NEO3	https://wiki.gentoo.org/wiki/FriendlyElec_NanoPi_NEO3
Gentoo Wiki (Main)	Frotz	https://wiki.gentoo.org/wiki/Frotz
Gentoo Wiki (Main)	Frr	https://wiki.gentoo.org/wiki/Frr
Gentoo Wiki (Main)	Full Disk Encryption From Scratch	https://wiki.gentoo.org/wiki/Full_Disk_Encryption_From_Scratch
Gentoo Wiki (Main)	Full Encrypted Btrfs/Native System Root Guide	https://wiki.gentoo.org/wiki/Full_Encrypted_Btrfs/Native_System_Root_Guide
Gentoo Wiki (Main)	Full Encrypted System Root with Dracut USB Stick	https://wiki.gentoo.org/wiki/Full_Encrypted_System_Root_with_Dracut_USB_Stick
Gentoo Wiki (Main)	Full Source Bootstrap	https://wiki.gentoo.org/wiki/Full_Source_Bootstrap
Gentoo Wiki (Main)	Full manpages	https://wiki.gentoo.org/wiki/Full_manpages
Gentoo Wiki (Main)	Full manpages/emerge	https://wiki.gentoo.org/wiki/Full_manpages/emerge
Gentoo Wiki (Main)	Future EAPI	https://wiki.gentoo.org/wiki/Future_EAPI
Gentoo Wiki (Main)	Future EAPI/Alternate EAPI mechanisms	https://wiki.gentoo.org/wiki/Future_EAPI/Alternate_EAPI_mechanisms
Gentoo Wiki (Main)	Future EAPI/DEPENDENCIES variable	https://wiki.gentoo.org/wiki/Future_EAPI/DEPENDENCIES_variable
Gentoo Wiki (Main)	Future EAPI/EAPI 10 tentative features	https://wiki.gentoo.org/wiki/Future_EAPI/EAPI_10_tentative_features
Gentoo Wiki (Main)	Future EAPI/EAPI 5 tentative features	https://wiki.gentoo.org/wiki/Future_EAPI/EAPI_5_tentative_features
Gentoo Wiki (Main)	Future EAPI/EAPI 6 tentative features	https://wiki.gentoo.org/wiki/Future_EAPI/EAPI_6_tentative_features
Gentoo Wiki (Main)	Future EAPI/EAPI 7 tentative features	https://wiki.gentoo.org/wiki/Future_EAPI/EAPI_7_tentative_features
Gentoo Wiki (Main)	Future EAPI/EAPI 8 tentative features	https://wiki.gentoo.org/wiki/Future_EAPI/EAPI_8_tentative_features
Gentoo Wiki (Main)	Future EAPI/EAPI 9 tentative features	https://wiki.gentoo.org/wiki/Future_EAPI/EAPI_9_tentative_features
Gentoo Wiki (Main)	Future EAPI/New dependency types	https://wiki.gentoo.org/wiki/Future_EAPI/New_dependency_types
Gentoo Wiki (Main)	Future EAPI/Triggers	https://wiki.gentoo.org/wiki/Future_EAPI/Triggers
Gentoo Wiki (Main)	Future EAPI/Version syntax changes	https://wiki.gentoo.org/wiki/Future_EAPI/Version_syntax_changes
Gentoo Wiki (Main)	Fwupd	https://wiki.gentoo.org/wiki/Fwupd
Gentoo Wiki (Main)	Fzf	https://wiki.gentoo.org/wiki/Fzf
Gentoo Wiki (Main)	GCC	https://wiki.gentoo.org/wiki/GCC
Gentoo Wiki (Main)	GCC/Frontend	https://wiki.gentoo.org/wiki/GCC/Frontend
Gentoo Wiki (Main)	GCC/ICE Reporting Guide	https://wiki.gentoo.org/wiki/GCC/ICE_Reporting_Guide
Gentoo Wiki (Main)	GCC/git bisect	https://wiki.gentoo.org/wiki/GCC/git_bisect
Gentoo Wiki (Main)	GCC optimization	https://wiki.gentoo.org/wiki/GCC_optimization
Gentoo Wiki (Main)	GDB	https://wiki.gentoo.org/wiki/GDB
Gentoo Wiki (Main)	GENTOO MIRRORS	https://wiki.gentoo.org/wiki/GENTOO_MIRRORS
Gentoo Wiki (Main)	GIMP	https://wiki.gentoo.org/wiki/GIMP
Gentoo Wiki (Main)	GIMP/Plugins	https://wiki.gentoo.org/wiki/GIMP/Plugins
Gentoo Wiki (Main)	GKernelCI	https://wiki.gentoo.org/wiki/GKernelCI
Gentoo Wiki (Main)	GKrellM	https://wiki.gentoo.org/wiki/GKrellM
Gentoo Wiki (Main)	GLSA	https://wiki.gentoo.org/wiki/GLSA
Gentoo Wiki (Main)	GNOME	https://wiki.gentoo.org/wiki/GNOME
Gentoo Wiki (Main)	GNOME/GDM	https://wiki.gentoo.org/wiki/GNOME/GDM
Gentoo Wiki (Main)	GNOME/GNOME without systemd	https://wiki.gentoo.org/wiki/GNOME/GNOME_without_systemd
Gentoo Wiki (Main)	GNOME/GNOME without systemd/Dantrell	https://wiki.gentoo.org/wiki/GNOME/GNOME_without_systemd/Dantrell
Gentoo Wiki (Main)	GNOME/GNOME without systemd/Gentoo	https://wiki.gentoo.org/wiki/GNOME/GNOME_without_systemd/Gentoo
Gentoo Wiki (Main)	GNOME/Guide	https://wiki.gentoo.org/wiki/GNOME/Guide
Gentoo Wiki (Main)	GNOME/Guide/Hardened GNOME Profiles	https://wiki.gentoo.org/wiki/GNOME/Guide/Hardened_GNOME_Profiles
Gentoo Wiki (Main)	GNU Coreutils	https://wiki.gentoo.org/wiki/GNU_Coreutils
Gentoo Wiki (Main)	GNU Emacs	https://wiki.gentoo.org/wiki/GNU_Emacs
Gentoo Wiki (Main)	GNU Icecat	https://wiki.gentoo.org/wiki/GNU_Icecat
Gentoo Wiki (Main)	GNU Octave	https://wiki.gentoo.org/wiki/GNU_Octave
Gentoo Wiki (Main)	GPD Pocket	https://wiki.gentoo.org/wiki/GPD_Pocket
Gentoo Wiki (Main)	GPD Pocket 4	https://wiki.gentoo.org/wiki/GPD_Pocket_4
Gentoo Wiki (Main)	GPM	https://wiki.gentoo.org/wiki/GPM
Gentoo Wiki (Main)	GPU passthrough with virt-manager, QEMU, and KVM	https://wiki.gentoo.org/wiki/GPU_passthrough_with_virt-manager,_QEMU,_and_KVM
Gentoo Wiki (Main)	GPhoto	https://wiki.gentoo.org/wiki/GPhoto
Gentoo Wiki (Main)	GRUB	https://wiki.gentoo.org/wiki/GRUB
Gentoo Wiki (Main)	GRUB/Advanced storage	https://wiki.gentoo.org/wiki/GRUB/Advanced_storage
Gentoo Wiki (Main)	GRUB/Chainloading	https://wiki.gentoo.org/wiki/GRUB/Chainloading
Gentoo Wiki (Main)	GRUB/Configuration variables	https://wiki.gentoo.org/wiki/GRUB/Configuration_variables
Gentoo Wiki (Main)	GRUB/Troubleshooting	https://wiki.gentoo.org/wiki/GRUB/Troubleshooting
Gentoo Wiki (Main)	GRUB2 Migration	https://wiki.gentoo.org/wiki/GRUB2_Migration
Gentoo Wiki (Main)	GRUB2 Quick Start	https://wiki.gentoo.org/wiki/GRUB2_Quick_Start
Gentoo Wiki (Main)	GRUB Error Reference	https://wiki.gentoo.org/wiki/GRUB_Error_Reference
Gentoo Wiki (Main)	GRUB Legacy	https://wiki.gentoo.org/wiki/GRUB_Legacy
Gentoo Wiki (Main)	GRUB on Open Firmware (PowerPC)	https://wiki.gentoo.org/wiki/GRUB_on_Open_Firmware_(PowerPC)
Gentoo Wiki (Main)	GStreamer	https://wiki.gentoo.org/wiki/GStreamer
Gentoo Wiki (Main)	GTK	https://wiki.gentoo.org/wiki/GTK
Gentoo Wiki (Main)	GTK themes in Qt applications	https://wiki.gentoo.org/wiki/GTK_themes_in_Qt_applications
Gentoo Wiki (Main)	GUID Partition Table	https://wiki.gentoo.org/wiki/GUID_Partition_Table
Gentoo Wiki (Main)	GVfs	https://wiki.gentoo.org/wiki/GVfs
Gentoo Wiki (Main)	Games	https://wiki.gentoo.org/wiki/Games
Gentoo Wiki (Main)	Games/FPS	https://wiki.gentoo.org/wiki/Games/FPS
Gentoo Wiki (Main)	Games/RPG	https://wiki.gentoo.org/wiki/Games/RPG
Gentoo Wiki (Main)	Games/action	https://wiki.gentoo.org/wiki/Games/action
Gentoo Wiki (Main)	Games/arcade	https://wiki.gentoo.org/wiki/Games/arcade
Gentoo Wiki (Main)	Games/emulation	https://wiki.gentoo.org/wiki/Games/emulation
Gentoo Wiki (Main)	Games/engines	https://wiki.gentoo.org/wiki/Games/engines
Gentoo Wiki (Main)	Games/misc	https://wiki.gentoo.org/wiki/Games/misc
Gentoo Wiki (Main)	Games/puzzle	https://wiki.gentoo.org/wiki/Games/puzzle
Gentoo Wiki (Main)	Games/roguelike	https://wiki.gentoo.org/wiki/Games/roguelike
Gentoo Wiki (Main)	Games/simulation	https://wiki.gentoo.org/wiki/Games/simulation
Gentoo Wiki (Main)	Games/sports	https://wiki.gentoo.org/wiki/Games/sports
Gentoo Wiki (Main)	Games/strategy	https://wiki.gentoo.org/wiki/Games/strategy
Gentoo Wiki (Main)	Gammastep	https://wiki.gentoo.org/wiki/Gammastep
Gentoo Wiki (Main)	Gay	https://wiki.gentoo.org/wiki/Gay
Gentoo Wiki (Main)	Gdu	https://wiki.gentoo.org/wiki/Gdu
Gentoo Wiki (Main)	Gedit	https://wiki.gentoo.org/wiki/Gedit
Gentoo Wiki (Main)	Gem	https://wiki.gentoo.org/wiki/Gem
Gentoo Wiki (Main)	Gemato	https://wiki.gentoo.org/wiki/Gemato
Gentoo Wiki (Main)	Gemini	https://wiki.gentoo.org/wiki/Gemini
Gentoo Wiki (Main)	Genesi Efika MX	https://wiki.gentoo.org/wiki/Genesi_Efika_MX
Gentoo Wiki (Main)	Genkernel	https://wiki.gentoo.org/wiki/Genkernel
Gentoo Wiki (Main)	Genlop	https://wiki.gentoo.org/wiki/Genlop
Gentoo Wiki (Main)	Gentle	https://wiki.gentoo.org/wiki/Gentle
Gentoo Wiki (Main)	Gentodo	https://wiki.gentoo.org/wiki/Gentodo
Gentoo Wiki (Main)	Gentoo	https://wiki.gentoo.org/wiki/Gentoo
Gentoo Wiki (Main)	Gentoo-el	https://wiki.gentoo.org/wiki/Gentoo-el
Gentoo Wiki (Main)	Gentoo-el/Meeting/2012-02	https://wiki.gentoo.org/wiki/Gentoo-el/Meeting/2012-02
Gentoo Wiki (Main)	Gentoo-el/Meeting/2013-03	https://wiki.gentoo.org/wiki/Gentoo-el/Meeting/2013-03
Gentoo Wiki (Main)	Gentoo-gpg-faq	https://wiki.gentoo.org/wiki/Gentoo-gpg-faq
Gentoo Wiki (Main)	Gentoo-mpi-overlay	https://wiki.gentoo.org/wiki/Gentoo-mpi-overlay
Gentoo Wiki (Main)	Gentoo-pl	https://wiki.gentoo.org/wiki/Gentoo-pl
Gentoo Wiki (Main)	Gentoo-pl/regulamin	https://wiki.gentoo.org/wiki/Gentoo-pl/regulamin
Gentoo Wiki (Main)	Gentoo-zh	https://wiki.gentoo.org/wiki/Gentoo-zh
Gentoo Wiki (Main)	Gentoo Alt	https://wiki.gentoo.org/wiki/Gentoo_Alt
Gentoo Wiki (Main)	Gentoo Alt/Contributor's Guide	https://wiki.gentoo.org/wiki/Gentoo_Alt/Contributor%27s_Guide
Gentoo Wiki (Main)	Gentoo Alt/Contributor's Guide/Overlay	https://wiki.gentoo.org/wiki/Gentoo_Alt/Contributor%27s_Guide/Overlay
Gentoo Wiki (Main)	Gentoo Alt/Contributor's Guide/Policy	https://wiki.gentoo.org/wiki/Gentoo_Alt/Contributor%27s_Guide/Policy
Gentoo Wiki (Main)	Gentoo Alt/Contributor's Guide/Porting	https://wiki.gentoo.org/wiki/Gentoo_Alt/Contributor%27s_Guide/Porting
Gentoo Wiki (Main)	Gentoo Alt/Contributor's Guide/Technotes Guide	https://wiki.gentoo.org/wiki/Gentoo_Alt/Contributor%27s_Guide/Technotes_Guide
Gentoo Wiki (Main)	Gentoo BSD	https://wiki.gentoo.org/wiki/Gentoo_BSD
Gentoo Wiki (Main)	Gentoo BSD/Developer Notes	https://wiki.gentoo.org/wiki/Gentoo_BSD/Developer_Notes
Gentoo Wiki (Main)	Gentoo Binary Host Quickstart	https://wiki.gentoo.org/wiki/Gentoo_Binary_Host_Quickstart
Gentoo Wiki (Main)	Gentoo Cheat Sheet	https://wiki.gentoo.org/wiki/Gentoo_Cheat_Sheet
Gentoo Wiki (Main)	Gentoo FreeBSD	https://wiki.gentoo.org/wiki/Gentoo_FreeBSD
Gentoo Wiki (Main)	Gentoo FreeBSD/Developers Note	https://wiki.gentoo.org/wiki/Gentoo_FreeBSD/Developers_Note
Gentoo Wiki (Main)	Gentoo FreeBSD/Experimental	https://wiki.gentoo.org/wiki/Gentoo_FreeBSD/Experimental
Gentoo Wiki (Main)	Gentoo FreeBSD/Install Guide	https://wiki.gentoo.org/wiki/Gentoo_FreeBSD/Install_Guide
Gentoo Wiki (Main)	Gentoo FreeBSD/Project notes	https://wiki.gentoo.org/wiki/Gentoo_FreeBSD/Project_notes
Gentoo Wiki (Main)	Gentoo FreeBSD/Upgrade Guide	https://wiki.gentoo.org/wiki/Gentoo_FreeBSD/Upgrade_Guide
Gentoo Wiki (Main)	Gentoo FreeBSD/Upgrade Guide/11.0	https://wiki.gentoo.org/wiki/Gentoo_FreeBSD/Upgrade_Guide/11.0
Gentoo Wiki (Main)	Gentoo History	https://wiki.gentoo.org/wiki/Gentoo_History
Gentoo Wiki (Main)	Gentoo Java Packing Policy	https://wiki.gentoo.org/wiki/Gentoo_Java_Packing_Policy
Gentoo Wiki (Main)	Gentoo Java USE flags	https://wiki.gentoo.org/wiki/Gentoo_Java_USE_flags
Gentoo Wiki (Main)	Gentoo Linux hardware compatibility	https://wiki.gentoo.org/wiki/Gentoo_Linux_hardware_compatibility
Gentoo Wiki (Main)	Gentoo Myths Busted	https://wiki.gentoo.org/wiki/Gentoo_Myths_Busted
Gentoo Wiki (Main)	Gentoo NetBSD	https://wiki.gentoo.org/wiki/Gentoo_NetBSD
Gentoo Wiki (Main)	Gentoo NetBSD/Install Guide	https://wiki.gentoo.org/wiki/Gentoo_NetBSD/Install_Guide
Gentoo Wiki (Main)	Gentoo On X-Gene 1 Mudan	https://wiki.gentoo.org/wiki/Gentoo_On_X-Gene_1_Mudan
Gentoo Wiki (Main)	Gentoo OpenBSD	https://wiki.gentoo.org/wiki/Gentoo_OpenBSD
Gentoo Wiki (Main)	Gentoo OpenBSD/Install Guide	https://wiki.gentoo.org/wiki/Gentoo_OpenBSD/Install_Guide
Gentoo Wiki (Main)	Gentoo Study Meeting	https://wiki.gentoo.org/wiki/Gentoo_Study_Meeting
Gentoo Wiki (Main)	Gentoo binhost/Available packages and configurations	https://wiki.gentoo.org/wiki/Gentoo_binhost/Available_packages_and_configurations
Gentoo Wiki (Main)	Gentoo developer side-projects	https://wiki.gentoo.org/wiki/Gentoo_developer_side-projects
Gentoo Wiki (Main)	Gentoo ebuild tree from scratch	https://wiki.gentoo.org/wiki/Gentoo_ebuild_tree_from_scratch
Gentoo Wiki (Main)	Gentoo for Network Admins	https://wiki.gentoo.org/wiki/Gentoo_for_Network_Admins
Gentoo Wiki (Main)	Gentoo git workflow	https://wiki.gentoo.org/wiki/Gentoo_git_workflow
Gentoo Wiki (Main)	Gentoo in WSL	https://wiki.gentoo.org/wiki/Gentoo_in_WSL
Gentoo Wiki (Main)	Gentoo installation tips and tricks	https://wiki.gentoo.org/wiki/Gentoo_installation_tips_and_tricks
Gentoo Wiki (Main)	Gentoo on Hawk	https://wiki.gentoo.org/wiki/Gentoo_on_Hawk
Gentoo Wiki (Main)	Gentoo specific directories	https://wiki.gentoo.org/wiki/Gentoo_specific_directories
Gentoo Wiki (Main)	Gentoo without systemd	https://wiki.gentoo.org/wiki/Gentoo_without_systemd
Gentoo Wiki (Main)	Gentoolkit	https://wiki.gentoo.org/wiki/Gentoolkit
Gentoo Wiki (Main)	Gentoopm	https://wiki.gentoo.org/wiki/Gentoopm
Gentoo Wiki (Main)	Gentoostats	https://wiki.gentoo.org/wiki/Gentoostats
Gentoo Wiki (Main)	Gerbera	https://wiki.gentoo.org/wiki/Gerbera
Gentoo Wiki (Main)	Gforth	https://wiki.gentoo.org/wiki/Gforth
Gentoo Wiki (Main)	Ghostty	https://wiki.gentoo.org/wiki/Ghostty
Gentoo Wiki (Main)	Gigabyte GA-MA770-UD3	https://wiki.gentoo.org/wiki/Gigabyte_GA-MA770-UD3
Gentoo Wiki (Main)	Gigabyte GA-Z77X-UP7	https://wiki.gentoo.org/wiki/Gigabyte_GA-Z77X-UP7
Gentoo Wiki (Main)	Gigabyte P27G v2	https://wiki.gentoo.org/wiki/Gigabyte_P27G_v2
Gentoo Wiki (Main)	Gigabyte X570-UD	https://wiki.gentoo.org/wiki/Gigabyte_X570-UD
Gentoo Wiki (Main)	Git	https://wiki.gentoo.org/wiki/Git
Gentoo Wiki (Main)	Git-lfs	https://wiki.gentoo.org/wiki/Git-lfs
Gentoo Wiki (Main)	Git/Local bare repo	https://wiki.gentoo.org/wiki/Git/Local_bare_repo
Gentoo Wiki (Main)	Git/Tweaks	https://wiki.gentoo.org/wiki/Git/Tweaks
Gentoo Wiki (Main)	GitLab	https://wiki.gentoo.org/wiki/GitLab
Gentoo Wiki (Main)	GitLab/Gitaly	https://wiki.gentoo.org/wiki/GitLab/Gitaly
Gentoo Wiki (Main)	GitLab/Pages	https://wiki.gentoo.org/wiki/GitLab/Pages
Gentoo Wiki (Main)	GitLab/Runner	https://wiki.gentoo.org/wiki/GitLab/Runner
Gentoo Wiki (Main)	GitLab/Shell	https://wiki.gentoo.org/wiki/GitLab/Shell
Gentoo Wiki (Main)	GitLab/Workhorse	https://wiki.gentoo.org/wiki/GitLab/Workhorse
Gentoo Wiki (Main)	Gitea	https://wiki.gentoo.org/wiki/Gitea
Gentoo Wiki (Main)	Glibc	https://wiki.gentoo.org/wiki/Glibc
Gentoo Wiki (Main)	Gnokii	https://wiki.gentoo.org/wiki/Gnokii
Gentoo Wiki (Main)	Gnome Applications Folders	https://wiki.gentoo.org/wiki/Gnome_Applications_Folders
Gentoo Wiki (Main)	Gnome Cheat Sheet	https://wiki.gentoo.org/wiki/Gnome_Cheat_Sheet
Gentoo Wiki (Main)	GnuPG	https://wiki.gentoo.org/wiki/GnuPG
Gentoo Wiki (Main)	Go	https://wiki.gentoo.org/wiki/Go
Gentoo Wiki (Main)	Go-mtpfs	https://wiki.gentoo.org/wiki/Go-mtpfs
Gentoo Wiki (Main)	Go ebuild tricks	https://wiki.gentoo.org/wiki/Go_ebuild_tricks
Gentoo Wiki (Main)	Godot	https://wiki.gentoo.org/wiki/Godot
Gentoo Wiki (Main)	Going 100% Libre with Gentoo	https://wiki.gentoo.org/wiki/Going_100%25_Libre_with_Gentoo
Gentoo Wiki (Main)	Gold	https://wiki.gentoo.org/wiki/Gold
Gentoo Wiki (Main)	Google Authenticator	https://wiki.gentoo.org/wiki/Google_Authenticator
Gentoo Wiki (Main)	Google Chrome	https://wiki.gentoo.org/wiki/Google_Chrome
Gentoo Wiki (Main)	Google Chromebook Pixel (2013)	https://wiki.gentoo.org/wiki/Google_Chromebook_Pixel_(2013)
Gentoo Wiki (Main)	Google Pixelbook (2017)	https://wiki.gentoo.org/wiki/Google_Pixelbook_(2017)
Gentoo Wiki (Main)	Google Pixelbook (2017)/HiFi.conf	https://wiki.gentoo.org/wiki/Google_Pixelbook_(2017)/HiFi.conf
Gentoo Wiki (Main)	Google Season of Docs/2019/Ideas	https://wiki.gentoo.org/wiki/Google_Season_of_Docs/2019/Ideas
Gentoo Wiki (Main)	Google Season of Docs/2019/Ideas/PMS Rationale	https://wiki.gentoo.org/wiki/Google_Season_of_Docs/2019/Ideas/PMS_Rationale
Gentoo Wiki (Main)	Google Season of Docs/2019/Ideas/Template Idea	https://wiki.gentoo.org/wiki/Google_Season_of_Docs/2019/Ideas/Template_Idea
Gentoo Wiki (Main)	Google Summer of Code	https://wiki.gentoo.org/wiki/Google_Summer_of_Code
Gentoo Wiki (Main)	Google Summer of Code/2012	https://wiki.gentoo.org/wiki/Google_Summer_of_Code/2012
Gentoo Wiki (Main)	Google Summer of Code/2012/Ideas	https://wiki.gentoo.org/wiki/Google_Summer_of_Code/2012/Ideas
Gentoo Wiki (Main)	Google Summer of Code/2012/Ideas/Automatically generated overlay of R packages	https://wiki.gentoo.org/wiki/Google_Summer_of_Code/2012/Ideas/Automatically_generated_overlay_of_R_packages
Gentoo Wiki (Main)	Google Summer of Code/2012/Ideas/Automatically generated overlay of R packages/MailingListArchives	https://wiki.gentoo.org/wiki/Google_Summer_of_Code/2012/Ideas/Automatically_generated_overlay_of_R_packages/MailingListArchives
Gentoo Wiki (Main)	Google Summer of Code/2012/Ideas/Cache sync	https://wiki.gentoo.org/wiki/Google_Summer_of_Code/2012/Ideas/Cache_sync
Gentoo Wiki (Main)	Google Summer of Code/2012/Ideas/CrossContainerSupport	https://wiki.gentoo.org/wiki/Google_Summer_of_Code/2012/Ideas/CrossContainerSupport
Gentoo Wiki (Main)	Google Summer of Code/2012/Ideas/Cross Container Support	https://wiki.gentoo.org/wiki/Google_Summer_of_Code/2012/Ideas/Cross_Container_Support
Gentoo Wiki (Main)	Google Summer of Code/2012/Ideas/Cross Container Support/MailingListArchives	https://wiki.gentoo.org/wiki/Google_Summer_of_Code/2012/Ideas/Cross_Container_Support/MailingListArchives
Gentoo Wiki (Main)	Google Summer of Code/2012/Ideas/Dynamic documentation type generation	https://wiki.gentoo.org/wiki/Google_Summer_of_Code/2012/Ideas/Dynamic_documentation_type_generation
Gentoo Wiki (Main)	Google Summer of Code/2012/Ideas/Ebuild Upstream Scanner	https://wiki.gentoo.org/wiki/Google_Summer_of_Code/2012/Ideas/Ebuild_Upstream_Scanner
Gentoo Wiki (Main)	Google Summer of Code/2012/Ideas/Ebuild Upstream Scanner/MailingListArchives	https://wiki.gentoo.org/wiki/Google_Summer_of_Code/2012/Ideas/Ebuild_Upstream_Scanner/MailingListArchives
Gentoo Wiki (Main)	Google Summer of Code/2012/Ideas/Extend packages.gentoo.org New gentoo packages	https://wiki.gentoo.org/wiki/Google_Summer_of_Code/2012/Ideas/Extend_packages.gentoo.org_New_gentoo_packages
Gentoo Wiki (Main)	Google Summer of Code/2012/Ideas/Extend packages.gentoo.org New gentoo packages/MailingListArchives	https://wiki.gentoo.org/wiki/Google_Summer_of_Code/2012/Ideas/Extend_packages.gentoo.org_New_gentoo_packages/MailingListArchives
Gentoo Wiki (Main)	Google Summer of Code/2012/Ideas/Gentoo@home	https://wiki.gentoo.org/wiki/Google_Summer_of_Code/2012/Ideas/Gentoo%40home
Gentoo Wiki (Main)	Google Summer of Code/2012/Ideas/Improved binary package support	https://wiki.gentoo.org/wiki/Google_Summer_of_Code/2012/Ideas/Improved_binary_package_support
Gentoo Wiki (Main)	Google Summer of Code/2012/Ideas/OpenRC Extensions	https://wiki.gentoo.org/wiki/Google_Summer_of_Code/2012/Ideas/OpenRC_Extensions
Gentoo Wiki (Main)	Google Summer of Code/2012/Ideas/Package statistics reporting tool	https://wiki.gentoo.org/wiki/Google_Summer_of_Code/2012/Ideas/Package_statistics_reporting_tool
Gentoo Wiki (Main)	Google Summer of Code/2012/Ideas/Package statistics reporting tool/MailingListArchives	https://wiki.gentoo.org/wiki/Google_Summer_of_Code/2012/Ideas/Package_statistics_reporting_tool/MailingListArchives
Gentoo Wiki (Main)	Google Summer of Code/2012/Ideas/Port Fedora UEFI Support	https://wiki.gentoo.org/wiki/Google_Summer_of_Code/2012/Ideas/Port_Fedora_UEFI_Support
Gentoo Wiki (Main)	Google Summer of Code/2012/Ideas/Porthole plug-ins and extensions	https://wiki.gentoo.org/wiki/Google_Summer_of_Code/2012/Ideas/Porthole_plug-ins_and_extensions
Gentoo Wiki (Main)	Google Summer of Code/2012/Ideas/Recruiting Webapp Usability	https://wiki.gentoo.org/wiki/Google_Summer_of_Code/2012/Ideas/Recruiting_Webapp_Usability
Gentoo Wiki (Main)	Google Summer of Code/2012/Ideas/Repoman cleanup	https://wiki.gentoo.org/wiki/Google_Summer_of_Code/2012/Ideas/Repoman_cleanup
Gentoo Wiki (Main)	Google Summer of Code/2012/Ideas/Repository of self-contained ebuild source packages	https://wiki.gentoo.org/wiki/Google_Summer_of_Code/2012/Ideas/Repository_of_self-contained_ebuild_source_packages
Gentoo Wiki (Main)	Google Summer of Code/2012/Ideas/SELinux policy originator	https://wiki.gentoo.org/wiki/Google_Summer_of_Code/2012/Ideas/SELinux_policy_originator
Gentoo Wiki (Main)	Google Summer of Code/2012/Ideas/SELinux policy originator/MailingListArchives	https://wiki.gentoo.org/wiki/Google_Summer_of_Code/2012/Ideas/SELinux_policy_originator/MailingListArchives
Gentoo Wiki (Main)	Google Summer of Code/2012/Ideas/Support for Fortran modules and libraries with multiple compilers	https://wiki.gentoo.org/wiki/Google_Summer_of_Code/2012/Ideas/Support_for_Fortran_modules_and_libraries_with_multiple_compilers
Gentoo Wiki (Main)	Google Summer of Code/2012/Ideas/Tags support for Portage	https://wiki.gentoo.org/wiki/Google_Summer_of_Code/2012/Ideas/Tags_support_for_Portage
Gentoo Wiki (Main)	Google Summer of Code/2012/Ideas/Template Idea	https://wiki.gentoo.org/wiki/Google_Summer_of_Code/2012/Ideas/Template_Idea
Gentoo Wiki (Main)	Google Summer of Code/2012/Ideas/gentoo-x86 QA website	https://wiki.gentoo.org/wiki/Google_Summer_of_Code/2012/Ideas/gentoo-x86_QA_website
Gentoo Wiki (Main)	Google Summer of Code/2012/Ideas/libbash	https://wiki.gentoo.org/wiki/Google_Summer_of_Code/2012/Ideas/libbash
Gentoo Wiki (Main)	Google Summer of Code/2012/Ideas/libbash/MailingListArchives	https://wiki.gentoo.org/wiki/Google_Summer_of_Code/2012/Ideas/libbash/MailingListArchives
Gentoo Wiki (Main)	Google Summer of Code/2012/Ideas/lmonade relocation and binary packages	https://wiki.gentoo.org/wiki/Google_Summer_of_Code/2012/Ideas/lmonade_relocation_and_binary_packages
Gentoo Wiki (Main)	Google Summer of Code/2013	https://wiki.gentoo.org/wiki/Google_Summer_of_Code/2013
Gentoo Wiki (Main)	Google Summer of Code/2013/Ideas	https://wiki.gentoo.org/wiki/Google_Summer_of_Code/2013/Ideas
Gentoo Wiki (Main)	Google Summer of Code/2013/Ideas/Accelerated security bug filing	https://wiki.gentoo.org/wiki/Google_Summer_of_Code/2013/Ideas/Accelerated_security_bug_filing
Gentoo Wiki (Main)	Google Summer of Code/2013/Ideas/Catalyst	https://wiki.gentoo.org/wiki/Google_Summer_of_Code/2013/Ideas/Catalyst
Gentoo Wiki (Main)	Google Summer of Code/2013/Ideas/Framework for automated ebuild generators	https://wiki.gentoo.org/wiki/Google_Summer_of_Code/2013/Ideas/Framework_for_automated_ebuild_generators
Gentoo Wiki (Main)	Google Summer of Code/2013/Ideas/Gentoo on Android	https://wiki.gentoo.org/wiki/Google_Summer_of_Code/2013/Ideas/Gentoo_on_Android
Gentoo Wiki (Main)	Google Summer of Code/2013/Ideas/Gentoolkit	https://wiki.gentoo.org/wiki/Google_Summer_of_Code/2013/Ideas/Gentoolkit
Gentoo Wiki (Main)	Google Summer of Code/2013/Ideas/Improved cloud support	https://wiki.gentoo.org/wiki/Google_Summer_of_Code/2013/Ideas/Improved_cloud_support
Gentoo Wiki (Main)	Google Summer of Code/2013/Ideas/Live commit notification	https://wiki.gentoo.org/wiki/Google_Summer_of_Code/2013/Ideas/Live_commit_notification
Gentoo Wiki (Main)	Google Summer of Code/2013/Ideas/Log Collector	https://wiki.gentoo.org/wiki/Google_Summer_of_Code/2013/Ideas/Log_Collector
Gentoo Wiki (Main)	Google Summer of Code/2013/Ideas/Manage kernel configurations	https://wiki.gentoo.org/wiki/Google_Summer_of_Code/2013/Ideas/Manage_kernel_configurations
Gentoo Wiki (Main)	Google Summer of Code/2013/Ideas/My new idea	https://wiki.gentoo.org/wiki/Google_Summer_of_Code/2013/Ideas/My_new_idea
Gentoo Wiki (Main)	Google Summer of Code/2013/Ideas/OpenRC Improvements	https://wiki.gentoo.org/wiki/Google_Summer_of_Code/2013/Ideas/OpenRC_Improvements
Gentoo Wiki (Main)	Google Summer of Code/2013/Ideas/Package bug assignment in Bugzilla	https://wiki.gentoo.org/wiki/Google_Summer_of_Code/2013/Ideas/Package_bug_assignment_in_Bugzilla
Gentoo Wiki (Main)	Google Summer of Code/2013/Ideas/Portage public API	https://wiki.gentoo.org/wiki/Google_Summer_of_Code/2013/Ideas/Portage_public_API
Gentoo Wiki (Main)	Google Summer of Code/2013/Ideas/Puppet Portage module	https://wiki.gentoo.org/wiki/Google_Summer_of_Code/2013/Ideas/Puppet_Portage_module
Gentoo Wiki (Main)	Google Summer of Code/2013/Ideas/Service to calculate path to upgrade old Gentoo systems	https://wiki.gentoo.org/wiki/Google_Summer_of_Code/2013/Ideas/Service_to_calculate_path_to_upgrade_old_Gentoo_systems
Gentoo Wiki (Main)	Google Summer of Code/2013/Ideas/Service to calculate upgrde path for old Gentoo systems	https://wiki.gentoo.org/wiki/Google_Summer_of_Code/2013/Ideas/Service_to_calculate_upgrde_path_for_old_Gentoo_systems
Gentoo Wiki (Main)	Google Summer of Code/2013/Ideas/Tags support for Portage	https://wiki.gentoo.org/wiki/Google_Summer_of_Code/2013/Ideas/Tags_support_for_Portage
Gentoo Wiki (Main)	Google Summer of Code/2013/Ideas/Template Idea	https://wiki.gentoo.org/wiki/Google_Summer_of_Code/2013/Ideas/Template_Idea
Gentoo Wiki (Main)	Google Summer of Code/2013/Ideas/Your idea here	https://wiki.gentoo.org/wiki/Google_Summer_of_Code/2013/Ideas/Your_idea_here
Gentoo Wiki (Main)	Google Summer of Code/2013/Ideas/identity.gentoo.org	https://wiki.gentoo.org/wiki/Google_Summer_of_Code/2013/Ideas/identity.gentoo.org
Gentoo Wiki (Main)	Google Summer of Code/2013/Ideas/oldnet on systemd	https://wiki.gentoo.org/wiki/Google_Summer_of_Code/2013/Ideas/oldnet_on_systemd
Gentoo Wiki (Main)	Google Summer of Code/2013/Ideas/webapp-config	https://wiki.gentoo.org/wiki/Google_Summer_of_Code/2013/Ideas/webapp-config
Gentoo Wiki (Main)	Google Summer of Code/2014	https://wiki.gentoo.org/wiki/Google_Summer_of_Code/2014
Gentoo Wiki (Main)	Google Summer of Code/2014/Application	https://wiki.gentoo.org/wiki/Google_Summer_of_Code/2014/Application
Gentoo Wiki (Main)	Google Summer of Code/2014/Clang native support	https://wiki.gentoo.org/wiki/Google_Summer_of_Code/2014/Clang_native_support
Gentoo Wiki (Main)	Google Summer of Code/2014/Ideas	https://wiki.gentoo.org/wiki/Google_Summer_of_Code/2014/Ideas
Gentoo Wiki (Main)	Google Summer of Code/2014/Ideas/Catalyst	https://wiki.gentoo.org/wiki/Google_Summer_of_Code/2014/Ideas/Catalyst
Gentoo Wiki (Main)	Google Summer of Code/2014/Ideas/Clang native support	https://wiki.gentoo.org/wiki/Google_Summer_of_Code/2014/Ideas/Clang_native_support
Gentoo Wiki (Main)	Google Summer of Code/2014/Ideas/Embedded Gentoo using musl	https://wiki.gentoo.org/wiki/Google_Summer_of_Code/2014/Ideas/Embedded_Gentoo_using_musl
Gentoo Wiki (Main)	Google Summer of Code/2014/Ideas/Manage kernel configurations	https://wiki.gentoo.org/wiki/Google_Summer_of_Code/2014/Ideas/Manage_kernel_configurations
Gentoo Wiki (Main)	Google Summer of Code/2014/Ideas/Port g-octave to use g-sorcery framework	https://wiki.gentoo.org/wiki/Google_Summer_of_Code/2014/Ideas/Port_g-octave_to_use_g-sorcery_framework
Gentoo Wiki (Main)	Google Summer of Code/2014/Ideas/Puppet Gentoo module	https://wiki.gentoo.org/wiki/Google_Summer_of_Code/2014/Ideas/Puppet_Gentoo_module
Gentoo Wiki (Main)	Google Summer of Code/2014/Ideas/Volunteer Testing	https://wiki.gentoo.org/wiki/Google_Summer_of_Code/2014/Ideas/Volunteer_Testing
Gentoo Wiki (Main)	Google Summer of Code/2014/Ideas/micro Gentoo	https://wiki.gentoo.org/wiki/Google_Summer_of_Code/2014/Ideas/micro_Gentoo
Gentoo Wiki (Main)	Google Summer of Code/2014/Ideas/netifrc on systemd	https://wiki.gentoo.org/wiki/Google_Summer_of_Code/2014/Ideas/netifrc_on_systemd
Gentoo Wiki (Main)	Google Summer of Code/2015	https://wiki.gentoo.org/wiki/Google_Summer_of_Code/2015
Gentoo Wiki (Main)	Google Summer of Code/2015/Ideas	https://wiki.gentoo.org/wiki/Google_Summer_of_Code/2015/Ideas
Gentoo Wiki (Main)	Google Summer of Code/2015/Ideas/Clang native support	https://wiki.gentoo.org/wiki/Google_Summer_of_Code/2015/Ideas/Clang_native_support
Gentoo Wiki (Main)	Google Summer of Code/2015/Ideas/Embedded Gentoo using musl	https://wiki.gentoo.org/wiki/Google_Summer_of_Code/2015/Ideas/Embedded_Gentoo_using_musl
Gentoo Wiki (Main)	Google Summer of Code/2015/Ideas/Gentoolkit	https://wiki.gentoo.org/wiki/Google_Summer_of_Code/2015/Ideas/Gentoolkit
Gentoo Wiki (Main)	Google Summer of Code/2015/Ideas/Improved cloud support	https://wiki.gentoo.org/wiki/Google_Summer_of_Code/2015/Ideas/Improved_cloud_support
Gentoo Wiki (Main)	Google Summer of Code/2015/Ideas/Log Collector	https://wiki.gentoo.org/wiki/Google_Summer_of_Code/2015/Ideas/Log_Collector
Gentoo Wiki (Main)	Google Summer of Code/2015/Ideas/OpenRC Improvements	https://wiki.gentoo.org/wiki/Google_Summer_of_Code/2015/Ideas/OpenRC_Improvements
Gentoo Wiki (Main)	Google Summer of Code/2015/Ideas/Package bug assignment in Bugzilla	https://wiki.gentoo.org/wiki/Google_Summer_of_Code/2015/Ideas/Package_bug_assignment_in_Bugzilla
Gentoo Wiki (Main)	Google Summer of Code/2015/Ideas/Port eselect to Python	https://wiki.gentoo.org/wiki/Google_Summer_of_Code/2015/Ideas/Port_eselect_to_Python
Gentoo Wiki (Main)	Google Summer of Code/2015/Ideas/Port g-octave to use g-sorcery framework	https://wiki.gentoo.org/wiki/Google_Summer_of_Code/2015/Ideas/Port_g-octave_to_use_g-sorcery_framework
Gentoo Wiki (Main)	Google Summer of Code/2015/Ideas/PortageFUSE	https://wiki.gentoo.org/wiki/Google_Summer_of_Code/2015/Ideas/PortageFUSE
Gentoo Wiki (Main)	Google Summer of Code/2015/Ideas/Portage public API	https://wiki.gentoo.org/wiki/Google_Summer_of_Code/2015/Ideas/Portage_public_API
Gentoo Wiki (Main)	Google Summer of Code/2015/Ideas/Puppet Gentoo module	https://wiki.gentoo.org/wiki/Google_Summer_of_Code/2015/Ideas/Puppet_Gentoo_module
Gentoo Wiki (Main)	Google Summer of Code/2015/Ideas/Service to calculate path to upgrade old Gentoo systems	https://wiki.gentoo.org/wiki/Google_Summer_of_Code/2015/Ideas/Service_to_calculate_path_to_upgrade_old_Gentoo_systems
Gentoo Wiki (Main)	Google Summer of Code/2015/Ideas/Tags support for Portage	https://wiki.gentoo.org/wiki/Google_Summer_of_Code/2015/Ideas/Tags_support_for_Portage
Gentoo Wiki (Main)	Google Summer of Code/2015/Ideas/Template Idea	https://wiki.gentoo.org/wiki/Google_Summer_of_Code/2015/Ideas/Template_Idea
Gentoo Wiki (Main)	Google Summer of Code/2015/Ideas/USEful	https://wiki.gentoo.org/wiki/Google_Summer_of_Code/2015/Ideas/USEful
Gentoo Wiki (Main)	Google Summer of Code/2015/Ideas/Volunteer Testing	https://wiki.gentoo.org/wiki/Google_Summer_of_Code/2015/Ideas/Volunteer_Testing
Gentoo Wiki (Main)	Google Summer of Code/2015/Ideas/Your idea here	https://wiki.gentoo.org/wiki/Google_Summer_of_Code/2015/Ideas/Your_idea_here
Gentoo Wiki (Main)	Google Summer of Code/2015/Ideas/libebuild	https://wiki.gentoo.org/wiki/Google_Summer_of_Code/2015/Ideas/libebuild
Gentoo Wiki (Main)	Google Summer of Code/2015/Ideas/micro Gentoo	https://wiki.gentoo.org/wiki/Google_Summer_of_Code/2015/Ideas/micro_Gentoo
Gentoo Wiki (Main)	Google Summer of Code/2015/Ideas/vdb2	https://wiki.gentoo.org/wiki/Google_Summer_of_Code/2015/Ideas/vdb2
Gentoo Wiki (Main)	Google Summer of Code/2015/Organization application	https://wiki.gentoo.org/wiki/Google_Summer_of_Code/2015/Organization_application
Gentoo Wiki (Main)	Google Summer of Code/2015/Project log	https://wiki.gentoo.org/wiki/Google_Summer_of_Code/2015/Project_log
Gentoo Wiki (Main)	Google Summer of Code/2016	https://wiki.gentoo.org/wiki/Google_Summer_of_Code/2016
Gentoo Wiki (Main)	Google Summer of Code/2016/Application Guidelines	https://wiki.gentoo.org/wiki/Google_Summer_of_Code/2016/Application_Guidelines
Gentoo Wiki (Main)	Google Summer of Code/2016/Ideas	https://wiki.gentoo.org/wiki/Google_Summer_of_Code/2016/Ideas
Gentoo Wiki (Main)	Google Summer of Code/2016/Ideas/Automated Machine Registry	https://wiki.gentoo.org/wiki/Google_Summer_of_Code/2016/Ideas/Automated_Machine_Registry
Gentoo Wiki (Main)	Google Summer of Code/2016/Ideas/Clang native support	https://wiki.gentoo.org/wiki/Google_Summer_of_Code/2016/Ideas/Clang_native_support
Gentoo Wiki (Main)	Google Summer of Code/2016/Ideas/Continuous Stabilization	https://wiki.gentoo.org/wiki/Google_Summer_of_Code/2016/Ideas/Continuous_Stabilization
Gentoo Wiki (Main)	Google Summer of Code/2016/Ideas/D2CC (distributed distcc)	https://wiki.gentoo.org/wiki/Google_Summer_of_Code/2016/Ideas/D2CC_(distributed_distcc)
Gentoo Wiki (Main)	Google Summer of Code/2016/Ideas/Eudev	https://wiki.gentoo.org/wiki/Google_Summer_of_Code/2016/Ideas/Eudev
Gentoo Wiki (Main)	Google Summer of Code/2016/Ideas/Extensions for the Gentoo Wiki	https://wiki.gentoo.org/wiki/Google_Summer_of_Code/2016/Ideas/Extensions_for_the_Gentoo_Wiki
Gentoo Wiki (Main)	Google Summer of Code/2016/Ideas/Gentoo-GPG	https://wiki.gentoo.org/wiki/Google_Summer_of_Code/2016/Ideas/Gentoo-GPG
Gentoo Wiki (Main)	Google Summer of Code/2016/Ideas/Gentoo support for oVirt - Engine	https://wiki.gentoo.org/wiki/Google_Summer_of_Code/2016/Ideas/Gentoo_support_for_oVirt_-_Engine
Gentoo Wiki (Main)	Google Summer of Code/2016/Ideas/Gentoo support for oVirt - Guest Agent	https://wiki.gentoo.org/wiki/Google_Summer_of_Code/2016/Ideas/Gentoo_support_for_oVirt_-_Guest_Agent
Gentoo Wiki (Main)	Google Summer of Code/2016/Ideas/Gentoo support for oVirt - VDSM	https://wiki.gentoo.org/wiki/Google_Summer_of_Code/2016/Ideas/Gentoo_support_for_oVirt_-_VDSM
Gentoo Wiki (Main)	Google Summer of Code/2016/Ideas/Local Ebuild Testing	https://wiki.gentoo.org/wiki/Google_Summer_of_Code/2016/Ideas/Local_Ebuild_Testing
Gentoo Wiki (Main)	Google Summer of Code/2016/Ideas/My new idea	https://wiki.gentoo.org/wiki/Google_Summer_of_Code/2016/Ideas/My_new_idea
Gentoo Wiki (Main)	Google Summer of Code/2016/Ideas/OpenRC Improvements	https://wiki.gentoo.org/wiki/Google_Summer_of_Code/2016/Ideas/OpenRC_Improvements
Gentoo Wiki (Main)	Google Summer of Code/2016/Ideas/Package bug assignment in Bugzilla	https://wiki.gentoo.org/wiki/Google_Summer_of_Code/2016/Ideas/Package_bug_assignment_in_Bugzilla
Gentoo Wiki (Main)	Google Summer of Code/2016/Ideas/Port g-octave to use g-sorcery framework	https://wiki.gentoo.org/wiki/Google_Summer_of_Code/2016/Ideas/Port_g-octave_to_use_g-sorcery_framework
Gentoo Wiki (Main)	Google Summer of Code/2016/Ideas/Puppet Gentoo module	https://wiki.gentoo.org/wiki/Google_Summer_of_Code/2016/Ideas/Puppet_Gentoo_module
Gentoo Wiki (Main)	Google Summer of Code/2016/Ideas/Service to calculate path to upgrade old Gentoo systems	https://wiki.gentoo.org/wiki/Google_Summer_of_Code/2016/Ideas/Service_to_calculate_path_to_upgrade_old_Gentoo_systems
Gentoo Wiki (Main)	Google Summer of Code/2016/Ideas/Stage4 Console Configurator	https://wiki.gentoo.org/wiki/Google_Summer_of_Code/2016/Ideas/Stage4_Console_Configurator
Gentoo Wiki (Main)	Google Summer of Code/2016/Ideas/Stateless Minimal Gentoo	https://wiki.gentoo.org/wiki/Google_Summer_of_Code/2016/Ideas/Stateless_Minimal_Gentoo
Gentoo Wiki (Main)	Google Summer of Code/2016/Ideas/Tags support for Portage	https://wiki.gentoo.org/wiki/Google_Summer_of_Code/2016/Ideas/Tags_support_for_Portage
Gentoo Wiki (Main)	Google Summer of Code/2016/Ideas/Template Idea	https://wiki.gentoo.org/wiki/Google_Summer_of_Code/2016/Ideas/Template_Idea
Gentoo Wiki (Main)	Google Summer of Code/2016/Ideas/Your idea here	https://wiki.gentoo.org/wiki/Google_Summer_of_Code/2016/Ideas/Your_idea_here
Gentoo Wiki (Main)	Google Summer of Code/2016/Ideas/imapfw, the next mail framework	https://wiki.gentoo.org/wiki/Google_Summer_of_Code/2016/Ideas/imapfw,_the_next_mail_framework
Gentoo Wiki (Main)	Google Summer of Code/2016/Ideas/kernelconfig	https://wiki.gentoo.org/wiki/Google_Summer_of_Code/2016/Ideas/kernelconfig
Gentoo Wiki (Main)	Google Summer of Code/2016/Ideas/libebuild	https://wiki.gentoo.org/wiki/Google_Summer_of_Code/2016/Ideas/libebuild
Gentoo Wiki (Main)	Google Summer of Code/2016/Ideas/vdb2	https://wiki.gentoo.org/wiki/Google_Summer_of_Code/2016/Ideas/vdb2
Gentoo Wiki (Main)	Google Summer of Code/2016/Organization application	https://wiki.gentoo.org/wiki/Google_Summer_of_Code/2016/Organization_application
Gentoo Wiki (Main)	Google Summer of Code/2016/Project log	https://wiki.gentoo.org/wiki/Google_Summer_of_Code/2016/Project_log
Gentoo Wiki (Main)	Google Summer of Code/2016/Rules	https://wiki.gentoo.org/wiki/Google_Summer_of_Code/2016/Rules
Gentoo Wiki (Main)	Google Summer of Code/2017	https://wiki.gentoo.org/wiki/Google_Summer_of_Code/2017
Gentoo Wiki (Main)	Google Summer of Code/2017/Application Guidelines	https://wiki.gentoo.org/wiki/Google_Summer_of_Code/2017/Application_Guidelines
Gentoo Wiki (Main)	Google Summer of Code/2017/Ideas	https://wiki.gentoo.org/wiki/Google_Summer_of_Code/2017/Ideas
Gentoo Wiki (Main)	Google Summer of Code/2017/Ideas/Atom Gentoo	https://wiki.gentoo.org/wiki/Google_Summer_of_Code/2017/Ideas/Atom_Gentoo
Gentoo Wiki (Main)	Google Summer of Code/2017/Ideas/Automation on Language Targets	https://wiki.gentoo.org/wiki/Google_Summer_of_Code/2017/Ideas/Automation_on_Language_Targets
Gentoo Wiki (Main)	Google Summer of Code/2017/Ideas/Better Gentoo Support in cloud-init	https://wiki.gentoo.org/wiki/Google_Summer_of_Code/2017/Ideas/Better_Gentoo_Support_in_cloud-init
Gentoo Wiki (Main)	Google Summer of Code/2017/Ideas/Full Rust Support	https://wiki.gentoo.org/wiki/Google_Summer_of_Code/2017/Ideas/Full_Rust_Support
Gentoo Wiki (Main)	Google Summer of Code/2017/Ideas/Gentoo for Big Data	https://wiki.gentoo.org/wiki/Google_Summer_of_Code/2017/Ideas/Gentoo_for_Big_Data
Gentoo Wiki (Main)	Google Summer of Code/2017/Ideas/Gentoo support for oVirt - Engine	https://wiki.gentoo.org/wiki/Google_Summer_of_Code/2017/Ideas/Gentoo_support_for_oVirt_-_Engine
Gentoo Wiki (Main)	Google Summer of Code/2017/Ideas/Gentoo support for oVirt - Guest Agent	https://wiki.gentoo.org/wiki/Google_Summer_of_Code/2017/Ideas/Gentoo_support_for_oVirt_-_Guest_Agent
Gentoo Wiki (Main)	Google Summer of Code/2017/Ideas/Gentoo support for oVirt - VDSM	https://wiki.gentoo.org/wiki/Google_Summer_of_Code/2017/Ideas/Gentoo_support_for_oVirt_-_VDSM
Gentoo Wiki (Main)	Google Summer of Code/2017/Ideas/Improve OpenPGP support for bugzilla	https://wiki.gentoo.org/wiki/Google_Summer_of_Code/2017/Ideas/Improve_OpenPGP_support_for_bugzilla
Gentoo Wiki (Main)	Google Summer of Code/2017/Ideas/Improve ROOT support	https://wiki.gentoo.org/wiki/Google_Summer_of_Code/2017/Ideas/Improve_ROOT_support
Gentoo Wiki (Main)	Google Summer of Code/2017/Ideas/Improve packaging of scientific software	https://wiki.gentoo.org/wiki/Google_Summer_of_Code/2017/Ideas/Improve_packaging_of_scientific_software
Gentoo Wiki (Main)	Google Summer of Code/2017/Ideas/My new idea	https://wiki.gentoo.org/wiki/Google_Summer_of_Code/2017/Ideas/My_new_idea
Gentoo Wiki (Main)	Google Summer of Code/2017/Ideas/Port g-octave to use g-sorcery framework	https://wiki.gentoo.org/wiki/Google_Summer_of_Code/2017/Ideas/Port_g-octave_to_use_g-sorcery_framework
Gentoo Wiki (Main)	Google Summer of Code/2017/Ideas/Porthole Updates	https://wiki.gentoo.org/wiki/Google_Summer_of_Code/2017/Ideas/Porthole_Updates
Gentoo Wiki (Main)	Google Summer of Code/2017/Ideas/Support for multiple MPI implementations	https://wiki.gentoo.org/wiki/Google_Summer_of_Code/2017/Ideas/Support_for_multiple_MPI_implementations
Gentoo Wiki (Main)	Google Summer of Code/2017/Ideas/Template Idea	https://wiki.gentoo.org/wiki/Google_Summer_of_Code/2017/Ideas/Template_Idea
Gentoo Wiki (Main)	Google Summer of Code/2017/Ideas/USE flags management	https://wiki.gentoo.org/wiki/Google_Summer_of_Code/2017/Ideas/USE_flags_management
Gentoo Wiki (Main)	Google Summer of Code/2017/Ideas/Your idea here	https://wiki.gentoo.org/wiki/Google_Summer_of_Code/2017/Ideas/Your_idea_here
Gentoo Wiki (Main)	Google Summer of Code/2017/Ideas/binhost support for API of request to build	https://wiki.gentoo.org/wiki/Google_Summer_of_Code/2017/Ideas/binhost_support_for_API_of_request_to_build
Gentoo Wiki (Main)	Google Summer of Code/2017/Ideas/kernel live check	https://wiki.gentoo.org/wiki/Google_Summer_of_Code/2017/Ideas/kernel_live_check
Gentoo Wiki (Main)	Google Summer of Code/2017/Project log	https://wiki.gentoo.org/wiki/Google_Summer_of_Code/2017/Project_log
Gentoo Wiki (Main)	Google Summer of Code/2017/Projects	https://wiki.gentoo.org/wiki/Google_Summer_of_Code/2017/Projects
Gentoo Wiki (Main)	Google Summer of Code/2017/Rules	https://wiki.gentoo.org/wiki/Google_Summer_of_Code/2017/Rules
Gentoo Wiki (Main)	Google Summer of Code/2018	https://wiki.gentoo.org/wiki/Google_Summer_of_Code/2018
Gentoo Wiki (Main)	Google Summer of Code/2018/Application Guidelines	https://wiki.gentoo.org/wiki/Google_Summer_of_Code/2018/Application_Guidelines
Gentoo Wiki (Main)	Google Summer of Code/2018/Contacts	https://wiki.gentoo.org/wiki/Google_Summer_of_Code/2018/Contacts
Gentoo Wiki (Main)	Google Summer of Code/2018/Ideas	https://wiki.gentoo.org/wiki/Google_Summer_of_Code/2018/Ideas
Gentoo Wiki (Main)	Google Summer of Code/2018/Ideas/BLAS and LAPACK runtime switching	https://wiki.gentoo.org/wiki/Google_Summer_of_Code/2018/Ideas/BLAS_and_LAPACK_runtime_switching
Gentoo Wiki (Main)	Google Summer of Code/2018/Ideas/Elivepatch	https://wiki.gentoo.org/wiki/Google_Summer_of_Code/2018/Ideas/Elivepatch
Gentoo Wiki (Main)	Google Summer of Code/2018/Ideas/Full Rust Support	https://wiki.gentoo.org/wiki/Google_Summer_of_Code/2018/Ideas/Full_Rust_Support
Gentoo Wiki (Main)	Google Summer of Code/2018/Ideas/Gentoo CJK Support	https://wiki.gentoo.org/wiki/Google_Summer_of_Code/2018/Ideas/Gentoo_CJK_Support
Gentoo Wiki (Main)	Google Summer of Code/2018/Ideas/Gentoo support for oVirt - Engine	https://wiki.gentoo.org/wiki/Google_Summer_of_Code/2018/Ideas/Gentoo_support_for_oVirt_-_Engine
Gentoo Wiki (Main)	Google Summer of Code/2018/Ideas/Gentoo support for oVirt - Guest Agent	https://wiki.gentoo.org/wiki/Google_Summer_of_Code/2018/Ideas/Gentoo_support_for_oVirt_-_Guest_Agent
Gentoo Wiki (Main)	Google Summer of Code/2018/Ideas/Gentoo support for oVirt - VDSM	https://wiki.gentoo.org/wiki/Google_Summer_of_Code/2018/Ideas/Gentoo_support_for_oVirt_-_VDSM
Gentoo Wiki (Main)	Google Summer of Code/2018/Ideas/Improve OpenPGP support for bugzilla	https://wiki.gentoo.org/wiki/Google_Summer_of_Code/2018/Ideas/Improve_OpenPGP_support_for_bugzilla
Gentoo Wiki (Main)	Google Summer of Code/2018/Ideas/Improve packaging of scientific software	https://wiki.gentoo.org/wiki/Google_Summer_of_Code/2018/Ideas/Improve_packaging_of_scientific_software
Gentoo Wiki (Main)	Google Summer of Code/2018/Ideas/Maven Java overlay	https://wiki.gentoo.org/wiki/Google_Summer_of_Code/2018/Ideas/Maven_Java_overlay
Gentoo Wiki (Main)	Google Summer of Code/2018/Ideas/My new idea	https://wiki.gentoo.org/wiki/Google_Summer_of_Code/2018/Ideas/My_new_idea
Gentoo Wiki (Main)	Google Summer of Code/2018/Ideas/Portage powered Android	https://wiki.gentoo.org/wiki/Google_Summer_of_Code/2018/Ideas/Portage_powered_Android
Gentoo Wiki (Main)	Google Summer of Code/2018/Ideas/Social Linux Distribution Network	https://wiki.gentoo.org/wiki/Google_Summer_of_Code/2018/Ideas/Social_Linux_Distribution_Network
Gentoo Wiki (Main)	Google Summer of Code/2018/Ideas/Standalone Gentoo Chromebook	https://wiki.gentoo.org/wiki/Google_Summer_of_Code/2018/Ideas/Standalone_Gentoo_Chromebook
Gentoo Wiki (Main)	Google Summer of Code/2018/Ideas/Support for multiple MPI implementations	https://wiki.gentoo.org/wiki/Google_Summer_of_Code/2018/Ideas/Support_for_multiple_MPI_implementations
Gentoo Wiki (Main)	Google Summer of Code/2018/Ideas/Template Idea	https://wiki.gentoo.org/wiki/Google_Summer_of_Code/2018/Ideas/Template_Idea
Gentoo Wiki (Main)	Google Summer of Code/2018/Ideas/Your idea here	https://wiki.gentoo.org/wiki/Google_Summer_of_Code/2018/Ideas/Your_idea_here
Gentoo Wiki (Main)	Google Summer of Code/2018/Ideas/kernel live check	https://wiki.gentoo.org/wiki/Google_Summer_of_Code/2018/Ideas/kernel_live_check
Gentoo Wiki (Main)	Google Summer of Code/2018/Organization application	https://wiki.gentoo.org/wiki/Google_Summer_of_Code/2018/Organization_application
Gentoo Wiki (Main)	Google Summer of Code/2018/Project log	https://wiki.gentoo.org/wiki/Google_Summer_of_Code/2018/Project_log
Gentoo Wiki (Main)	Google Summer of Code/2018/Rules	https://wiki.gentoo.org/wiki/Google_Summer_of_Code/2018/Rules
Gentoo Wiki (Main)	Google Summer of Code/2019	https://wiki.gentoo.org/wiki/Google_Summer_of_Code/2019
Gentoo Wiki (Main)	Google Summer of Code/2019/Application Guidelines	https://wiki.gentoo.org/wiki/Google_Summer_of_Code/2019/Application_Guidelines
Gentoo Wiki (Main)	Google Summer of Code/2019/Ideas	https://wiki.gentoo.org/wiki/Google_Summer_of_Code/2019/Ideas
Gentoo Wiki (Main)	Google Summer of Code/2019/Ideas/BLAS and LAPACK runtime switching	https://wiki.gentoo.org/wiki/Google_Summer_of_Code/2019/Ideas/BLAS_and_LAPACK_runtime_switching
Gentoo Wiki (Main)	Google Summer of Code/2019/Ideas/Elivepatch updates	https://wiki.gentoo.org/wiki/Google_Summer_of_Code/2019/Ideas/Elivepatch_updates
Gentoo Wiki (Main)	Google Summer of Code/2019/Ideas/GKernelCI	https://wiki.gentoo.org/wiki/Google_Summer_of_Code/2019/Ideas/GKernelCI
Gentoo Wiki (Main)	Google Summer of Code/2019/Ideas/Improve OpenPGP support for bugzilla	https://wiki.gentoo.org/wiki/Google_Summer_of_Code/2019/Ideas/Improve_OpenPGP_support_for_bugzilla
Gentoo Wiki (Main)	Google Summer of Code/2019/Ideas/Improve packaging of scientific software	https://wiki.gentoo.org/wiki/Google_Summer_of_Code/2019/Ideas/Improve_packaging_of_scientific_software
Gentoo Wiki (Main)	Google Summer of Code/2019/Ideas/Maven Java overlay	https://wiki.gentoo.org/wiki/Google_Summer_of_Code/2019/Ideas/Maven_Java_overlay
Gentoo Wiki (Main)	Google Summer of Code/2019/Ideas/Portage powered Android	https://wiki.gentoo.org/wiki/Google_Summer_of_Code/2019/Ideas/Portage_powered_Android
Gentoo Wiki (Main)	Google Summer of Code/2019/Ideas/Porthole updates	https://wiki.gentoo.org/wiki/Google_Summer_of_Code/2019/Ideas/Porthole_updates
Gentoo Wiki (Main)	Google Summer of Code/2019/Ideas/Redox Relibc Support	https://wiki.gentoo.org/wiki/Google_Summer_of_Code/2019/Ideas/Redox_Relibc_Support
Gentoo Wiki (Main)	Google Summer of Code/2019/Ideas/Stabilize Gentoo Prefix	https://wiki.gentoo.org/wiki/Google_Summer_of_Code/2019/Ideas/Stabilize_Gentoo_Prefix
Gentoo Wiki (Main)	Google Summer of Code/2019/Ideas/Standalone Gentoo Chromebook	https://wiki.gentoo.org/wiki/Google_Summer_of_Code/2019/Ideas/Standalone_Gentoo_Chromebook
Gentoo Wiki (Main)	Google Summer of Code/2019/Ideas/Support for multiple MPI implementations	https://wiki.gentoo.org/wiki/Google_Summer_of_Code/2019/Ideas/Support_for_multiple_MPI_implementations
Gentoo Wiki (Main)	Google Summer of Code/2019/Ideas/Template Idea	https://wiki.gentoo.org/wiki/Google_Summer_of_Code/2019/Ideas/Template_Idea
Gentoo Wiki (Main)	Google Summer of Code/2019/Ideas/X509 Trust Store	https://wiki.gentoo.org/wiki/Google_Summer_of_Code/2019/Ideas/X509_Trust_Store
Gentoo Wiki (Main)	Google Summer of Code/2019/Ideas/Your idea here	https://wiki.gentoo.org/wiki/Google_Summer_of_Code/2019/Ideas/Your_idea_here
Gentoo Wiki (Main)	Google Summer of Code/2019/Ideas/maven support	https://wiki.gentoo.org/wiki/Google_Summer_of_Code/2019/Ideas/maven_support
Gentoo Wiki (Main)	Google Summer of Code/2019/Mentors	https://wiki.gentoo.org/wiki/Google_Summer_of_Code/2019/Mentors
Gentoo Wiki (Main)	Google Summer of Code/2019/Rules	https://wiki.gentoo.org/wiki/Google_Summer_of_Code/2019/Rules
Gentoo Wiki (Main)	Google Summer of Code/2020	https://wiki.gentoo.org/wiki/Google_Summer_of_Code/2020
Gentoo Wiki (Main)	Google Summer of Code/2020/Application Guidelines	https://wiki.gentoo.org/wiki/Google_Summer_of_Code/2020/Application_Guidelines
Gentoo Wiki (Main)	Google Summer of Code/2020/Ideas	https://wiki.gentoo.org/wiki/Google_Summer_of_Code/2020/Ideas
Gentoo Wiki (Main)	Google Summer of Code/2020/Ideas/Automatic Kernel Stabilization	https://wiki.gentoo.org/wiki/Google_Summer_of_Code/2020/Ideas/Automatic_Kernel_Stabilization
Gentoo Wiki (Main)	Google Summer of Code/2020/Ideas/Big Data Infrastructure by Gentoo	https://wiki.gentoo.org/wiki/Google_Summer_of_Code/2020/Ideas/Big_Data_Infrastructure_by_Gentoo
Gentoo Wiki (Main)	Google Summer of Code/2020/Ideas/FUSE-powered sandbox	https://wiki.gentoo.org/wiki/Google_Summer_of_Code/2020/Ideas/FUSE-powered_sandbox
Gentoo Wiki (Main)	Google Summer of Code/2020/Ideas/GKernelCI	https://wiki.gentoo.org/wiki/Google_Summer_of_Code/2020/Ideas/GKernelCI
Gentoo Wiki (Main)	Google Summer of Code/2020/Ideas/New binary package format	https://wiki.gentoo.org/wiki/Google_Summer_of_Code/2020/Ideas/New_binary_package_format
Gentoo Wiki (Main)	Google Summer of Code/2020/Ideas/Portage powered Android	https://wiki.gentoo.org/wiki/Google_Summer_of_Code/2020/Ideas/Portage_powered_Android
Gentoo Wiki (Main)	Google Summer of Code/2020/Ideas/Redox Relibc Support	https://wiki.gentoo.org/wiki/Google_Summer_of_Code/2020/Ideas/Redox_Relibc_Support
Gentoo Wiki (Main)	Google Summer of Code/2020/Ideas/Standalone Gentoo Chromebook	https://wiki.gentoo.org/wiki/Google_Summer_of_Code/2020/Ideas/Standalone_Gentoo_Chromebook
Gentoo Wiki (Main)	Google Summer of Code/2020/Ideas/Template Idea	https://wiki.gentoo.org/wiki/Google_Summer_of_Code/2020/Ideas/Template_Idea
Gentoo Wiki (Main)	Google Summer of Code/2020/Ideas/Your idea here	https://wiki.gentoo.org/wiki/Google_Summer_of_Code/2020/Ideas/Your_idea_here
Gentoo Wiki (Main)	Google Summer of Code/2020/Ideas/eclean-kernel rewrite or fixes	https://wiki.gentoo.org/wiki/Google_Summer_of_Code/2020/Ideas/eclean-kernel_rewrite_or_fixes
Gentoo Wiki (Main)	Google Summer of Code/2020/Mentors	https://wiki.gentoo.org/wiki/Google_Summer_of_Code/2020/Mentors
Gentoo Wiki (Main)	Google Summer of Code/2020/Organization application	https://wiki.gentoo.org/wiki/Google_Summer_of_Code/2020/Organization_application
Gentoo Wiki (Main)	Google Summer of Code/2020/Rules	https://wiki.gentoo.org/wiki/Google_Summer_of_Code/2020/Rules
Gentoo Wiki (Main)	Google Summer of Code/2021	https://wiki.gentoo.org/wiki/Google_Summer_of_Code/2021
Gentoo Wiki (Main)	Google Summer of Code/2021/Application Guidelines	https://wiki.gentoo.org/wiki/Google_Summer_of_Code/2021/Application_Guidelines
Gentoo Wiki (Main)	Google Summer of Code/2021/Ideas	https://wiki.gentoo.org/wiki/Google_Summer_of_Code/2021/Ideas
Gentoo Wiki (Main)	Google Summer of Code/2021/Ideas/Big Data Infrastructure by Gentoo	https://wiki.gentoo.org/wiki/Google_Summer_of_Code/2021/Ideas/Big_Data_Infrastructure_by_Gentoo
Gentoo Wiki (Main)	Google Summer of Code/2021/Ideas/Gentoo Developer Services	https://wiki.gentoo.org/wiki/Google_Summer_of_Code/2021/Ideas/Gentoo_Developer_Services
Gentoo Wiki (Main)	Google Summer of Code/2021/Ideas/Redox Relibc Support	https://wiki.gentoo.org/wiki/Google_Summer_of_Code/2021/Ideas/Redox_Relibc_Support
Gentoo Wiki (Main)	Google Summer of Code/2021/Ideas/Standalone Gentoo Chromebook	https://wiki.gentoo.org/wiki/Google_Summer_of_Code/2021/Ideas/Standalone_Gentoo_Chromebook
Gentoo Wiki (Main)	Google Summer of Code/2021/Ideas/Template Idea	https://wiki.gentoo.org/wiki/Google_Summer_of_Code/2021/Ideas/Template_Idea
Gentoo Wiki (Main)	Google Summer of Code/2021/Ideas/Your idea here	https://wiki.gentoo.org/wiki/Google_Summer_of_Code/2021/Ideas/Your_idea_here
Gentoo Wiki (Main)	Google Summer of Code/2021/Mentors	https://wiki.gentoo.org/wiki/Google_Summer_of_Code/2021/Mentors
Gentoo Wiki (Main)	Google Summer of Code/2021/Rules	https://wiki.gentoo.org/wiki/Google_Summer_of_Code/2021/Rules
Gentoo Wiki (Main)	Google Summer of Code/2022	https://wiki.gentoo.org/wiki/Google_Summer_of_Code/2022
Gentoo Wiki (Main)	Google Summer of Code/2022/Application Guidelines	https://wiki.gentoo.org/wiki/Google_Summer_of_Code/2022/Application_Guidelines
Gentoo Wiki (Main)	Google Summer of Code/2022/Ideas	https://wiki.gentoo.org/wiki/Google_Summer_of_Code/2022/Ideas
Gentoo Wiki (Main)	Google Summer of Code/2022/Ideas/GkernelCI new features and bug fixes	https://wiki.gentoo.org/wiki/Google_Summer_of_Code/2022/Ideas/GkernelCI_new_features_and_bug_fixes
Gentoo Wiki (Main)	Google Summer of Code/2022/Ideas/Java Big Data Infrastructure Improvements and Maintenance	https://wiki.gentoo.org/wiki/Google_Summer_of_Code/2022/Ideas/Java_Big_Data_Infrastructure_Improvements_and_Maintenance
Gentoo Wiki (Main)	Google Summer of Code/2022/Ideas/Language eclass modernisation	https://wiki.gentoo.org/wiki/Google_Summer_of_Code/2022/Ideas/Language_eclass_modernisation
Gentoo Wiki (Main)	Google Summer of Code/2022/Ideas/Musl support expansion	https://wiki.gentoo.org/wiki/Google_Summer_of_Code/2022/Ideas/Musl_support_expansion
Gentoo Wiki (Main)	Google Summer of Code/2022/Ideas/Portage-driven Gentoo Prefix bootstrap	https://wiki.gentoo.org/wiki/Google_Summer_of_Code/2022/Ideas/Portage-driven_Gentoo_Prefix_bootstrap
Gentoo Wiki (Main)	Google Summer of Code/2022/Ideas/Portage code modernisation	https://wiki.gentoo.org/wiki/Google_Summer_of_Code/2022/Ideas/Portage_code_modernisation
Gentoo Wiki (Main)	Google Summer of Code/2022/Ideas/Portage constructed build environments and circular dependency solver	https://wiki.gentoo.org/wiki/Google_Summer_of_Code/2022/Ideas/Portage_constructed_build_environments_and_circular_dependency_solver
Gentoo Wiki (Main)	Google Summer of Code/2022/Ideas/RISC-V support for Gentoo Prefix	https://wiki.gentoo.org/wiki/Google_Summer_of_Code/2022/Ideas/RISC-V_support_for_Gentoo_Prefix
Gentoo Wiki (Main)	Google Summer of Code/2022/Ideas/Refine and complete ROCm: eclass, more packages and downstream softwares	https://wiki.gentoo.org/wiki/Google_Summer_of_Code/2022/Ideas/Refine_and_complete_ROCm:_eclass,_more_packages_and_downstream_softwares
Gentoo Wiki (Main)	Google Summer of Code/2022/Ideas/Template Idea	https://wiki.gentoo.org/wiki/Google_Summer_of_Code/2022/Ideas/Template_Idea
Gentoo Wiki (Main)	Google Summer of Code/2022/Ideas/Your idea here	https://wiki.gentoo.org/wiki/Google_Summer_of_Code/2022/Ideas/Your_idea_here
Gentoo Wiki (Main)	Google Summer of Code/2022/Mentors	https://wiki.gentoo.org/wiki/Google_Summer_of_Code/2022/Mentors
Gentoo Wiki (Main)	Google Summer of Code/2022/Rules	https://wiki.gentoo.org/wiki/Google_Summer_of_Code/2022/Rules
Gentoo Wiki (Main)	Google Summer of Code/2023	https://wiki.gentoo.org/wiki/Google_Summer_of_Code/2023
Gentoo Wiki (Main)	Google Summer of Code/2023/Application Guidelines	https://wiki.gentoo.org/wiki/Google_Summer_of_Code/2023/Application_Guidelines
Gentoo Wiki (Main)	Google Summer of Code/2023/Ideas	https://wiki.gentoo.org/wiki/Google_Summer_of_Code/2023/Ideas
Gentoo Wiki (Main)	Google Summer of Code/2023/Ideas/Automated Gentoo system updater	https://wiki.gentoo.org/wiki/Google_Summer_of_Code/2023/Ideas/Automated_Gentoo_system_updater
Gentoo Wiki (Main)	Google Summer of Code/2023/Ideas/Better testing infrastructure for Gentoo Prefix	https://wiki.gentoo.org/wiki/Google_Summer_of_Code/2023/Ideas/Better_testing_infrastructure_for_Gentoo_Prefix
Gentoo Wiki (Main)	Google Summer of Code/2023/Ideas/Modern C porting of Gentoo packages	https://wiki.gentoo.org/wiki/Google_Summer_of_Code/2023/Ideas/Modern_C_porting_of_Gentoo_packages
Gentoo Wiki (Main)	Google Summer of Code/2023/Ideas/Portage Code modernization	https://wiki.gentoo.org/wiki/Google_Summer_of_Code/2023/Ideas/Portage_Code_modernization
Gentoo Wiki (Main)	Google Summer of Code/2023/Ideas/Portage code modernization	https://wiki.gentoo.org/wiki/Google_Summer_of_Code/2023/Ideas/Portage_code_modernization
Gentoo Wiki (Main)	Google Summer of Code/2023/Ideas/Portage constructed build environments and circular dependency solver	https://wiki.gentoo.org/wiki/Google_Summer_of_Code/2023/Ideas/Portage_constructed_build_environments_and_circular_dependency_solver
Gentoo Wiki (Main)	Google Summer of Code/2023/Ideas/Probabilistic programming with Anglican on Clojure, Java and Gentoo	https://wiki.gentoo.org/wiki/Google_Summer_of_Code/2023/Ideas/Probabilistic_programming_with_Anglican_on_Clojure,_Java_and_Gentoo
Gentoo Wiki (Main)	Google Summer of Code/2023/Ideas/Project Pen Too: Profile 42 - Don't panic! Gentoo for everyone	https://wiki.gentoo.org/wiki/Google_Summer_of_Code/2023/Ideas/Project_Pen_Too:_Profile_42_-_Don%27t_panic!_Gentoo_for_everyone
Gentoo Wiki (Main)	Google Summer of Code/2023/Ideas/Tinderbox for Gentoo Prefix	https://wiki.gentoo.org/wiki/Google_Summer_of_Code/2023/Ideas/Tinderbox_for_Gentoo_Prefix
Gentoo Wiki (Main)	Google Summer of Code/2023/Ideas/Wayland Desktop Profile	https://wiki.gentoo.org/wiki/Google_Summer_of_Code/2023/Ideas/Wayland_Desktop_Profile
Gentoo Wiki (Main)	Google Summer of Code/2023/Ideas/Your Idea Here (example)	https://wiki.gentoo.org/wiki/Google_Summer_of_Code/2023/Ideas/Your_Idea_Here_(example)
Gentoo Wiki (Main)	Google Summer of Code/2023/Ideas/Your idea here	https://wiki.gentoo.org/wiki/Google_Summer_of_Code/2023/Ideas/Your_idea_here
Gentoo Wiki (Main)	Google Summer of Code/2023/Ideas/netifrc modernization	https://wiki.gentoo.org/wiki/Google_Summer_of_Code/2023/Ideas/netifrc_modernization
Gentoo Wiki (Main)	Google Summer of Code/2023/Ideas/portage machine readability	https://wiki.gentoo.org/wiki/Google_Summer_of_Code/2023/Ideas/portage_machine_readability
Gentoo Wiki (Main)	Google Summer of Code/2023/Mentors	https://wiki.gentoo.org/wiki/Google_Summer_of_Code/2023/Mentors
Gentoo Wiki (Main)	Google Summer of Code/2023/Rules	https://wiki.gentoo.org/wiki/Google_Summer_of_Code/2023/Rules
Gentoo Wiki (Main)	Google Summer of Code/2024	https://wiki.gentoo.org/wiki/Google_Summer_of_Code/2024
Gentoo Wiki (Main)	Google Summer of Code/2024/Application Guidelines	https://wiki.gentoo.org/wiki/Google_Summer_of_Code/2024/Application_Guidelines
Gentoo Wiki (Main)	Google Summer of Code/2024/Ideas	https://wiki.gentoo.org/wiki/Google_Summer_of_Code/2024/Ideas
Gentoo Wiki (Main)	Google Summer of Code/2024/Ideas/Finish or Clean Gentoo's oldest open Github pull requests	https://wiki.gentoo.org/wiki/Google_Summer_of_Code/2024/Ideas/Finish_or_Clean_Gentoo%27s_oldest_open_Github_pull_requests
Gentoo Wiki (Main)	Google Summer of Code/2024/Ideas/Make installation of AI Models on Gentoo Linux easy	https://wiki.gentoo.org/wiki/Google_Summer_of_Code/2024/Ideas/Make_installation_of_AI_Models_on_Gentoo_Linux_easy
Gentoo Wiki (Main)	Google Summer of Code/2024/Ideas/Your Idea Here (example)	https://wiki.gentoo.org/wiki/Google_Summer_of_Code/2024/Ideas/Your_Idea_Here_(example)
Gentoo Wiki (Main)	Google Summer of Code/2024/Mentors	https://wiki.gentoo.org/wiki/Google_Summer_of_Code/2024/Mentors
Gentoo Wiki (Main)	Google Summer of Code/2024/Rules	https://wiki.gentoo.org/wiki/Google_Summer_of_Code/2024/Rules
Gentoo Wiki (Main)	Gphotofs	https://wiki.gentoo.org/wiki/Gphotofs
Gentoo Wiki (Main)	Gpib	https://wiki.gentoo.org/wiki/Gpib
Gentoo Wiki (Main)	Gqrx	https://wiki.gentoo.org/wiki/Gqrx
Gentoo Wiki (Main)	Gradle	https://wiki.gentoo.org/wiki/Gradle
Gentoo Wiki (Main)	GreatWall QF722	https://wiki.gentoo.org/wiki/GreatWall_QF722
Gentoo Wiki (Main)	Greenbone Vulnerability Management	https://wiki.gentoo.org/wiki/Greenbone_Vulnerability_Management
Gentoo Wiki (Main)	Greetd	https://wiki.gentoo.org/wiki/Greetd
Gentoo Wiki (Main)	Grep	https://wiki.gentoo.org/wiki/Grep
Gentoo Wiki (Main)	Gsettings	https://wiki.gentoo.org/wiki/Gsettings
Gentoo Wiki (Main)	Guildmaster	https://wiki.gentoo.org/wiki/Guildmaster
Gentoo Wiki (Main)	Gx86-multilib	https://wiki.gentoo.org/wiki/Gx86-multilib
Gentoo Wiki (Main)	Gzip	https://wiki.gentoo.org/wiki/Gzip
Gentoo Wiki (Main)	HDD	https://wiki.gentoo.org/wiki/HDD
Gentoo Wiki (Main)	HEIF	https://wiki.gentoo.org/wiki/HEIF
Gentoo Wiki (Main)	HFS	https://wiki.gentoo.org/wiki/HFS
Gentoo Wiki (Main)	HFS+	https://wiki.gentoo.org/wiki/HFS%2B
Gentoo Wiki (Main)	HIP	https://wiki.gentoo.org/wiki/HIP
Gentoo Wiki (Main)	HPLIP	https://wiki.gentoo.org/wiki/HPLIP
Gentoo Wiki (Main)	HP Compaq t5710	https://wiki.gentoo.org/wiki/HP_Compaq_t5710
Gentoo Wiki (Main)	HP EliteBook 840 G1	https://wiki.gentoo.org/wiki/HP_EliteBook_840_G1
Gentoo Wiki (Main)	HP EliteBook 840 G2	https://wiki.gentoo.org/wiki/HP_EliteBook_840_G2
Gentoo Wiki (Main)	HP EliteBook 840 G3	https://wiki.gentoo.org/wiki/HP_EliteBook_840_G3
Gentoo Wiki (Main)	HP EliteBook 840 G6	https://wiki.gentoo.org/wiki/HP_EliteBook_840_G6
Gentoo Wiki (Main)	HP EliteBook 850 G5	https://wiki.gentoo.org/wiki/HP_EliteBook_850_G5
Gentoo Wiki (Main)	HP Elitebook 845 G10	https://wiki.gentoo.org/wiki/HP_Elitebook_845_G10
Gentoo Wiki (Main)	HP Elitebook 845 G8	https://wiki.gentoo.org/wiki/HP_Elitebook_845_G8
Gentoo Wiki (Main)	HP Envy 17	https://wiki.gentoo.org/wiki/HP_Envy_17
Gentoo Wiki (Main)	HP Envy x360 Convertible 13-ay0xxx	https://wiki.gentoo.org/wiki/HP_Envy_x360_Convertible_13-ay0xxx
Gentoo Wiki (Main)	HP Omen 15-ax244nz	https://wiki.gentoo.org/wiki/HP_Omen_15-ax244nz
Gentoo Wiki (Main)	HP Omnibook Ultra Flip 14-fh0645nd	https://wiki.gentoo.org/wiki/HP_Omnibook_Ultra_Flip_14-fh0645nd
Gentoo Wiki (Main)	HP Pavilion 13-be0120nd	https://wiki.gentoo.org/wiki/HP_Pavilion_13-be0120nd
Gentoo Wiki (Main)	HP Pavilion 15-ab060nw	https://wiki.gentoo.org/wiki/HP_Pavilion_15-ab060nw
Gentoo Wiki (Main)	HP Pavilion 15-ab292nr	https://wiki.gentoo.org/wiki/HP_Pavilion_15-ab292nr
Gentoo Wiki (Main)	HP Pavilion 15-au624tx	https://wiki.gentoo.org/wiki/HP_Pavilion_15-au624tx
Gentoo Wiki (Main)	HP Pavilion dv6-6b11ss	https://wiki.gentoo.org/wiki/HP_Pavilion_dv6-6b11ss
Gentoo Wiki (Main)	HP Pavilion dv7-1132nr	https://wiki.gentoo.org/wiki/HP_Pavilion_dv7-1132nr
Gentoo Wiki (Main)	HP Proliant Microserver	https://wiki.gentoo.org/wiki/HP_Proliant_Microserver
Gentoo Wiki (Main)	HP Spectre x360 13-4116dx (2015)	https://wiki.gentoo.org/wiki/HP_Spectre_x360_13-4116dx_(2015)
Gentoo Wiki (Main)	HP ZBook Studio x360 G5	https://wiki.gentoo.org/wiki/HP_ZBook_Studio_x360_G5
Gentoo Wiki (Main)	HP Zbook Studio G4	https://wiki.gentoo.org/wiki/HP_Zbook_Studio_G4
Gentoo Wiki (Main)	HUAWEI QingYun W515	https://wiki.gentoo.org/wiki/HUAWEI_QingYun_W515
Gentoo Wiki (Main)	Haguichi	https://wiki.gentoo.org/wiki/Haguichi
Gentoo Wiki (Main)	Halloy	https://wiki.gentoo.org/wiki/Halloy
Gentoo Wiki (Main)	Hamachi	https://wiki.gentoo.org/wiki/Hamachi
Gentoo Wiki (Main)	Haproxy	https://wiki.gentoo.org/wiki/Haproxy
Gentoo Wiki (Main)	Hard dependencies on systemd	https://wiki.gentoo.org/wiki/Hard_dependencies_on_systemd
Gentoo Wiki (Main)	Hardened/Debugging	https://wiki.gentoo.org/wiki/Hardened/Debugging
Gentoo Wiki (Main)	Hardened/FAQ	https://wiki.gentoo.org/wiki/Hardened/FAQ
Gentoo Wiki (Main)	Hardened/GNU stack quickstart	https://wiki.gentoo.org/wiki/Hardened/GNU_stack_quickstart
Gentoo Wiki (Main)	Hardened/Gentoo Hardened and Stack Clash	https://wiki.gentoo.org/wiki/Hardened/Gentoo_Hardened_and_Stack_Clash
Gentoo Wiki (Main)	Hardened/Grsecurity2 Quickstart	https://wiki.gentoo.org/wiki/Hardened/Grsecurity2_Quickstart
Gentoo Wiki (Main)	Hardened/Grsecurity Trusted Path Execution	https://wiki.gentoo.org/wiki/Hardened/Grsecurity_Trusted_Path_Execution
Gentoo Wiki (Main)	Hardened/Introduction to Hardened Gentoo	https://wiki.gentoo.org/wiki/Hardened/Introduction_to_Hardened_Gentoo
Gentoo Wiki (Main)	Hardened/Introduction to Position Independent Code	https://wiki.gentoo.org/wiki/Hardened/Introduction_to_Position_Independent_Code
Gentoo Wiki (Main)	Hardened/Overview of POSIX capabilities	https://wiki.gentoo.org/wiki/Hardened/Overview_of_POSIX_capabilities
Gentoo Wiki (Main)	Hardened/PaX Quickstart	https://wiki.gentoo.org/wiki/Hardened/PaX_Quickstart
Gentoo Wiki (Main)	Hardened/PaX Utilities	https://wiki.gentoo.org/wiki/Hardened/PaX_Utilities
Gentoo Wiki (Main)	Hardened/PaX flag migration from PT PAX to XATTR PAX	https://wiki.gentoo.org/wiki/Hardened/PaX_flag_migration_from_PT_PAX_to_XATTR_PAX
Gentoo Wiki (Main)	Hardened/Position Independent Code internals	https://wiki.gentoo.org/wiki/Hardened/Position_Independent_Code_internals
Gentoo Wiki (Main)	Hardened/SSP	https://wiki.gentoo.org/wiki/Hardened/SSP
Gentoo Wiki (Main)	Hardened/Textrels Guide	https://wiki.gentoo.org/wiki/Hardened/Textrels_Guide
Gentoo Wiki (Main)	Hardened/Toolchain	https://wiki.gentoo.org/wiki/Hardened/Toolchain
Gentoo Wiki (Main)	Hardened Desktop Profiles	https://wiki.gentoo.org/wiki/Hardened_Desktop_Profiles
Gentoo Wiki (Main)	Hardened Gentoo	https://wiki.gentoo.org/wiki/Hardened_Gentoo
Gentoo Wiki (Main)	Hardened Kernel	https://wiki.gentoo.org/wiki/Hardened_Kernel
Gentoo Wiki (Main)	Hardkernel ODROID-M1S	https://wiki.gentoo.org/wiki/Hardkernel_ODROID-M1S
Gentoo Wiki (Main)	Hardkernel ODROID-N2	https://wiki.gentoo.org/wiki/Hardkernel_ODROID-N2
Gentoo Wiki (Main)	Hardkernel ODROID-XU3 Lite	https://wiki.gentoo.org/wiki/Hardkernel_ODROID-XU3_Lite
Gentoo Wiki (Main)	Hardkernel ODROID-XU4	https://wiki.gentoo.org/wiki/Hardkernel_ODROID-XU4
Gentoo Wiki (Main)	Hardware detection	https://wiki.gentoo.org/wiki/Hardware_detection
Gentoo Wiki (Main)	Haskell	https://wiki.gentoo.org/wiki/Haskell
Gentoo Wiki (Main)	Hauppauge WinTV Ministick	https://wiki.gentoo.org/wiki/Hauppauge_WinTV_Ministick
Gentoo Wiki (Main)	Hdparm	https://wiki.gentoo.org/wiki/Hdparm
Gentoo Wiki (Main)	Heartbeat	https://wiki.gentoo.org/wiki/Heartbeat
Gentoo Wiki (Main)	Helix	https://wiki.gentoo.org/wiki/Helix
Gentoo Wiki (Main)	Help improve Gentoo by getting involved with documentation!	https://wiki.gentoo.org/wiki/Help_improve_Gentoo_by_getting_involved_with_documentation!
Gentoo Wiki (Main)	Herbstluftwm	https://wiki.gentoo.org/wiki/Herbstluftwm
Gentoo Wiki (Main)	Hetzner Cloud (ARM64)	https://wiki.gentoo.org/wiki/Hetzner_Cloud_(ARM64)
Gentoo Wiki (Main)	HexChat	https://wiki.gentoo.org/wiki/HexChat
Gentoo Wiki (Main)	Hex editor	https://wiki.gentoo.org/wiki/Hex_editor
Gentoo Wiki (Main)	HighPoint RocketRAID	https://wiki.gentoo.org/wiki/HighPoint_RocketRAID
Gentoo Wiki (Main)	High Performance Computing on Gentoo	https://wiki.gentoo.org/wiki/High_Performance_Computing_on_Gentoo
Gentoo Wiki (Main)	Home router	https://wiki.gentoo.org/wiki/Home_router
Gentoo Wiki (Main)	Hostapd	https://wiki.gentoo.org/wiki/Hostapd
Gentoo Wiki (Main)	How To Make CustomRescueCD	https://wiki.gentoo.org/wiki/How_To_Make_CustomRescueCD
Gentoo Wiki (Main)	How to build a toolchain for arm cortex-m and cortex-r	https://wiki.gentoo.org/wiki/How_to_build_a_toolchain_for_arm_cortex-m_and_cortex-r
Gentoo Wiki (Main)	How to install Gentoo on Raspberry Pi 5	https://wiki.gentoo.org/wiki/How_to_install_Gentoo_on_Raspberry_Pi_5
Gentoo Wiki (Main)	How to read and write in Chinese	https://wiki.gentoo.org/wiki/How_to_read_and_write_in_Chinese
Gentoo Wiki (Main)	How to read and write in Japanese	https://wiki.gentoo.org/wiki/How_to_read_and_write_in_Japanese
Gentoo Wiki (Main)	How to read and write in Japanese/es-419	https://wiki.gentoo.org/wiki/How_to_read_and_write_in_Japanese/es-419
Gentoo Wiki (Main)	Hprofile	https://wiki.gentoo.org/wiki/Hprofile
Gentoo Wiki (Main)	Htop	https://wiki.gentoo.org/wiki/Htop
Gentoo Wiki (Main)	Huawei E367	https://wiki.gentoo.org/wiki/Huawei_E367
Gentoo Wiki (Main)	Huawei MateBook D 15 AMD 2019	https://wiki.gentoo.org/wiki/Huawei_MateBook_D_15_AMD_2019
Gentoo Wiki (Main)	Hugo	https://wiki.gentoo.org/wiki/Hugo
Gentoo Wiki (Main)	Hw-probe	https://wiki.gentoo.org/wiki/Hw-probe
Gentoo Wiki (Main)	Hwinfo	https://wiki.gentoo.org/wiki/Hwinfo
Gentoo Wiki (Main)	Hybrid graphics	https://wiki.gentoo.org/wiki/Hybrid_graphics
Gentoo Wiki (Main)	Hybrid partition table	https://wiki.gentoo.org/wiki/Hybrid_partition_table
Gentoo Wiki (Main)	Hyper-V	https://wiki.gentoo.org/wiki/Hyper-V
Gentoo Wiki (Main)	Hyperfine	https://wiki.gentoo.org/wiki/Hyperfine
Gentoo Wiki (Main)	Hyprland	https://wiki.gentoo.org/wiki/Hyprland
Gentoo Wiki (Main)	Hyprpaper	https://wiki.gentoo.org/wiki/Hyprpaper
Gentoo Wiki (Main)	I2C	https://wiki.gentoo.org/wiki/I2C
Gentoo Wiki (Main)	I2P	https://wiki.gentoo.org/wiki/I2P
Gentoo Wiki (Main)	I3	https://wiki.gentoo.org/wiki/I3
Gentoo Wiki (Main)	I8k	https://wiki.gentoo.org/wiki/I8k
Gentoo Wiki (Main)	IA64 (project archive)	https://wiki.gentoo.org/wiki/IA64_(project_archive)
Gentoo Wiki (Main)	IBM ThinkPad T42	https://wiki.gentoo.org/wiki/IBM_ThinkPad_T42
Gentoo Wiki (Main)	IBus	https://wiki.gentoo.org/wiki/IBus
Gentoo Wiki (Main)	IOMMU SWIOTLB	https://wiki.gentoo.org/wiki/IOMMU_SWIOTLB
Gentoo Wiki (Main)	IPSet	https://wiki.gentoo.org/wiki/IPSet
Gentoo Wiki (Main)	IPsec IKEv2 MSCHAPv2 VPN server	https://wiki.gentoo.org/wiki/IPsec_IKEv2_MSCHAPv2_VPN_server
Gentoo Wiki (Main)	IPsec L2TP VPN server	https://wiki.gentoo.org/wiki/IPsec_L2TP_VPN_server
Gentoo Wiki (Main)	IPv6	https://wiki.gentoo.org/wiki/IPv6
Gentoo Wiki (Main)	IPv6/Configuration	https://wiki.gentoo.org/wiki/IPv6/Configuration
Gentoo Wiki (Main)	IPv6/IPv6 tunnels	https://wiki.gentoo.org/wiki/IPv6/IPv6_tunnels
Gentoo Wiki (Main)	IPv6 Static Addresses using Tokens	https://wiki.gentoo.org/wiki/IPv6_Static_Addresses_using_Tokens
Gentoo Wiki (Main)	IPv6 router guide	https://wiki.gentoo.org/wiki/IPv6_router_guide
Gentoo Wiki (Main)	IRC	https://wiki.gentoo.org/wiki/IRC
Gentoo Wiki (Main)	IRC/Guide	https://wiki.gentoo.org/wiki/IRC/Guide
Gentoo Wiki (Main)	ISCSI	https://wiki.gentoo.org/wiki/ISCSI
Gentoo Wiki (Main)	ISCSI/Initiator	https://wiki.gentoo.org/wiki/ISCSI/Initiator
Gentoo Wiki (Main)	ISCSI/Target	https://wiki.gentoo.org/wiki/ISCSI/Target
Gentoo Wiki (Main)	Ibus-libpinyin	https://wiki.gentoo.org/wiki/Ibus-libpinyin
Gentoo Wiki (Main)	IceWM	https://wiki.gentoo.org/wiki/IceWM
Gentoo Wiki (Main)	Icinga	https://wiki.gentoo.org/wiki/Icinga
Gentoo Wiki (Main)	Icinga2	https://wiki.gentoo.org/wiki/Icinga2
Gentoo Wiki (Main)	Icu	https://wiki.gentoo.org/wiki/Icu
Gentoo Wiki (Main)	Ideas	https://wiki.gentoo.org/wiki/Ideas
Gentoo Wiki (Main)	Ideas/Clang system compiler support	https://wiki.gentoo.org/wiki/Ideas/Clang_system_compiler_support
Gentoo Wiki (Main)	Ideas/Split boost	https://wiki.gentoo.org/wiki/Ideas/Split_boost
Gentoo Wiki (Main)	Ideas/Template	https://wiki.gentoo.org/wiki/Ideas/Template
Gentoo Wiki (Main)	Ideas/ZFSOnLinux	https://wiki.gentoo.org/wiki/Ideas/ZFSOnLinux
Gentoo Wiki (Main)	ImageMagick	https://wiki.gentoo.org/wiki/ImageMagick
Gentoo Wiki (Main)	Imv	https://wiki.gentoo.org/wiki/Imv
Gentoo Wiki (Main)	Incus	https://wiki.gentoo.org/wiki/Incus
Gentoo Wiki (Main)	Incus/Gentoo Github pullrequest testing	https://wiki.gentoo.org/wiki/Incus/Gentoo_Github_pullrequest_testing
Gentoo Wiki (Main)	InfiniBand	https://wiki.gentoo.org/wiki/InfiniBand
Gentoo Wiki (Main)	Info	https://wiki.gentoo.org/wiki/Info
Gentoo Wiki (Main)	Init system	https://wiki.gentoo.org/wiki/Init_system
Gentoo Wiki (Main)	Initramfs	https://wiki.gentoo.org/wiki/Initramfs
Gentoo Wiki (Main)	Initramfs/Guide	https://wiki.gentoo.org/wiki/Initramfs/Guide
Gentoo Wiki (Main)	Initramfs - make your own	https://wiki.gentoo.org/wiki/Initramfs_-_make_your_own
Gentoo Wiki (Main)	Inkscape	https://wiki.gentoo.org/wiki/Inkscape
Gentoo Wiki (Main)	Input methods	https://wiki.gentoo.org/wiki/Input_methods
Gentoo Wiki (Main)	Input methods/key sequence	https://wiki.gentoo.org/wiki/Input_methods/key_sequence
Gentoo Wiki (Main)	Install Gentoo on a bootable USB stick	https://wiki.gentoo.org/wiki/Install_Gentoo_on_a_bootable_USB_stick
Gentoo Wiki (Main)	Installation	https://wiki.gentoo.org/wiki/Installation
Gentoo Wiki (Main)	Installation/Manual chrooting	https://wiki.gentoo.org/wiki/Installation/Manual_chrooting
Gentoo Wiki (Main)	Installation alternatives	https://wiki.gentoo.org/wiki/Installation_alternatives
Gentoo Wiki (Main)	Installation on libreboot	https://wiki.gentoo.org/wiki/Installation_on_libreboot
Gentoo Wiki (Main)	Installer	https://wiki.gentoo.org/wiki/Installer
Gentoo Wiki (Main)	Installkernel	https://wiki.gentoo.org/wiki/Installkernel
Gentoo Wiki (Main)	Integrity	https://wiki.gentoo.org/wiki/Integrity
Gentoo Wiki (Main)	Integrity/Concepts	https://wiki.gentoo.org/wiki/Integrity/Concepts
Gentoo Wiki (Main)	Integrity Measurement Architecture	https://wiki.gentoo.org/wiki/Integrity_Measurement_Architecture
Gentoo Wiki (Main)	Integrity Measurement Architecture/Recipes	https://wiki.gentoo.org/wiki/Integrity_Measurement_Architecture/Recipes
Gentoo Wiki (Main)	Intel	https://wiki.gentoo.org/wiki/Intel
Gentoo Wiki (Main)	Intel Core 2	https://wiki.gentoo.org/wiki/Intel_Core_2
Gentoo Wiki (Main)	Intel Corporation PRO/Wireless 3945ABG	https://wiki.gentoo.org/wiki/Intel_Corporation_PRO/Wireless_3945ABG
Gentoo Wiki (Main)	Intel DQ77MK	https://wiki.gentoo.org/wiki/Intel_DQ77MK
Gentoo Wiki (Main)	Intel Edison	https://wiki.gentoo.org/wiki/Intel_Edison
Gentoo Wiki (Main)	Intel Edison/specs	https://wiki.gentoo.org/wiki/Intel_Edison/specs
Gentoo Wiki (Main)	Intel microcode	https://wiki.gentoo.org/wiki/Intel_microcode
Gentoo Wiki (Main)	Iotop	https://wiki.gentoo.org/wiki/Iotop
Gentoo Wiki (Main)	Iperf	https://wiki.gentoo.org/wiki/Iperf
Gentoo Wiki (Main)	Iphone USB tethering	https://wiki.gentoo.org/wiki/Iphone_USB_tethering
Gentoo Wiki (Main)	Iproute2	https://wiki.gentoo.org/wiki/Iproute2
Gentoo Wiki (Main)	Iptables	https://wiki.gentoo.org/wiki/Iptables
Gentoo Wiki (Main)	Irssi	https://wiki.gentoo.org/wiki/Irssi
Gentoo Wiki (Main)	Isync	https://wiki.gentoo.org/wiki/Isync
Gentoo Wiki (Main)	Iwd	https://wiki.gentoo.org/wiki/Iwd
Gentoo Wiki (Main)	Iwdevtools	https://wiki.gentoo.org/wiki/Iwdevtools
Gentoo Wiki (Main)	Iwlwifi	https://wiki.gentoo.org/wiki/Iwlwifi
Gentoo Wiki (Main)	JACK	https://wiki.gentoo.org/wiki/JACK
Gentoo Wiki (Main)	JFS	https://wiki.gentoo.org/wiki/JFS
Gentoo Wiki (Main)	JWM	https://wiki.gentoo.org/wiki/JWM
Gentoo Wiki (Main)	Jail	https://wiki.gentoo.org/wiki/Jail
Gentoo Wiki (Main)	Java	https://wiki.gentoo.org/wiki/Java
Gentoo Wiki (Main)	Java-ebuilder	https://wiki.gentoo.org/wiki/Java-ebuilder
Gentoo Wiki (Main)	Java Developer Guide	https://wiki.gentoo.org/wiki/Java_Developer_Guide
Gentoo Wiki (Main)	Java Developer Guide/Using eant	https://wiki.gentoo.org/wiki/Java_Developer_Guide/Using_eant
Gentoo Wiki (Main)	Java Developer Guide/Using java-pkg-simple.eclass	https://wiki.gentoo.org/wiki/Java_Developer_Guide/Using_java-pkg-simple.eclass
Gentoo Wiki (Main)	Java Developer Guide/Using java-pkg-simple.eclass/Code generation using a Java class	https://wiki.gentoo.org/wiki/Java_Developer_Guide/Using_java-pkg-simple.eclass/Code_generation_using_a_Java_class
Gentoo Wiki (Main)	Java Developer Guide/Using java-pkg-simple.eclass/Code generation with mvel	https://wiki.gentoo.org/wiki/Java_Developer_Guide/Using_java-pkg-simple.eclass/Code_generation_with_mvel
Gentoo Wiki (Main)	Java Developer Guide/Using java-pkg-simple.eclass/JNI creation	https://wiki.gentoo.org/wiki/Java_Developer_Guide/Using_java-pkg-simple.eclass/JNI_creation
Gentoo Wiki (Main)	Jellyfin	https://wiki.gentoo.org/wiki/Jellyfin
Gentoo Wiki (Main)	Jenkins	https://wiki.gentoo.org/wiki/Jenkins
Gentoo Wiki (Main)	Jira	https://wiki.gentoo.org/wiki/Jira
Gentoo Wiki (Main)	Join FreeIPA	https://wiki.gentoo.org/wiki/Join_FreeIPA
Gentoo Wiki (Main)	Joomla	https://wiki.gentoo.org/wiki/Joomla
Gentoo Wiki (Main)	Juniper Network Connect	https://wiki.gentoo.org/wiki/Juniper_Network_Connect
Gentoo Wiki (Main)	KDE	https://wiki.gentoo.org/wiki/KDE
Gentoo Wiki (Main)	KDE/Ebuild repository	https://wiki.gentoo.org/wiki/KDE/Ebuild_repository
Gentoo Wiki (Main)	KDE/Hardened KDE Plasma profile	https://wiki.gentoo.org/wiki/KDE/Hardened_KDE_Plasma_profile
Gentoo Wiki (Main)	KDE/Plasma 5 upgrade	https://wiki.gentoo.org/wiki/KDE/Plasma_5_upgrade
Gentoo Wiki (Main)	KDE/Troubleshooting	https://wiki.gentoo.org/wiki/KDE/Troubleshooting
Gentoo Wiki (Main)	KDEConnect	https://wiki.gentoo.org/wiki/KDEConnect
Gentoo Wiki (Main)	KEYWORDS	https://wiki.gentoo.org/wiki/KEYWORDS
Gentoo Wiki (Main)	KEYWORDS/draft	https://wiki.gentoo.org/wiki/KEYWORDS/draft
Gentoo Wiki (Main)	KWin	https://wiki.gentoo.org/wiki/KWin
Gentoo Wiki (Main)	Kakoune	https://wiki.gentoo.org/wiki/Kakoune
Gentoo Wiki (Main)	Kcov	https://wiki.gentoo.org/wiki/Kcov
Gentoo Wiki (Main)	Kea	https://wiki.gentoo.org/wiki/Kea
Gentoo Wiki (Main)	KeePassXC	https://wiki.gentoo.org/wiki/KeePassXC
Gentoo Wiki (Main)	KeePassXC/cli	https://wiki.gentoo.org/wiki/KeePassXC/cli
Gentoo Wiki (Main)	Kerberos Server	https://wiki.gentoo.org/wiki/Kerberos_Server
Gentoo Wiki (Main)	Kerberos Windows Interoperability	https://wiki.gentoo.org/wiki/Kerberos_Windows_Interoperability
Gentoo Wiki (Main)	Kernel	https://wiki.gentoo.org/wiki/Kernel
Gentoo Wiki (Main)	Kernel/Building from userspace	https://wiki.gentoo.org/wiki/Kernel/Building_from_userspace
Gentoo Wiki (Main)	Kernel/Command-line parameters	https://wiki.gentoo.org/wiki/Kernel/Command-line_parameters
Gentoo Wiki (Main)	Kernel/Configuration	https://wiki.gentoo.org/wiki/Kernel/Configuration
Gentoo Wiki (Main)	Kernel/Configuration/Kernel Seeds	https://wiki.gentoo.org/wiki/Kernel/Configuration/Kernel_Seeds
Gentoo Wiki (Main)	Kernel/Deblobbing	https://wiki.gentoo.org/wiki/Kernel/Deblobbing
Gentoo Wiki (Main)	Kernel/Gentoo Kernel Configuration Guide	https://wiki.gentoo.org/wiki/Kernel/Gentoo_Kernel_Configuration_Guide
Gentoo Wiki (Main)	Kernel/IKCONFIG support	https://wiki.gentoo.org/wiki/Kernel/IKCONFIG_support
Gentoo Wiki (Main)	Kernel/Migrate 2.4 to 2.6	https://wiki.gentoo.org/wiki/Kernel/Migrate_2.4_to_2.6
Gentoo Wiki (Main)	Kernel/Optimization	https://wiki.gentoo.org/wiki/Kernel/Optimization
Gentoo Wiki (Main)	Kernel/Packages	https://wiki.gentoo.org/wiki/Kernel/Packages
Gentoo Wiki (Main)	Kernel/Packages/Deprecated	https://wiki.gentoo.org/wiki/Kernel/Packages/Deprecated
Gentoo Wiki (Main)	Kernel/Rebuild	https://wiki.gentoo.org/wiki/Kernel/Rebuild
Gentoo Wiki (Main)	Kernel/Removal	https://wiki.gentoo.org/wiki/Kernel/Removal
Gentoo Wiki (Main)	Kernel/Transparent Hugepages	https://wiki.gentoo.org/wiki/Kernel/Transparent_Hugepages
Gentoo Wiki (Main)	Kernel/Upgrade	https://wiki.gentoo.org/wiki/Kernel/Upgrade
Gentoo Wiki (Main)	Kernel Crash Dumps	https://wiki.gentoo.org/wiki/Kernel_Crash_Dumps
Gentoo Wiki (Main)	Kernel Modules	https://wiki.gentoo.org/wiki/Kernel_Modules
Gentoo Wiki (Main)	Kernel git-bisect	https://wiki.gentoo.org/wiki/Kernel_git-bisect
Gentoo Wiki (Main)	Kernel security (project archive)	https://wiki.gentoo.org/wiki/Kernel_security_(project_archive)
Gentoo Wiki (Main)	Kexec	https://wiki.gentoo.org/wiki/Kexec
Gentoo Wiki (Main)	Key repeat rate	https://wiki.gentoo.org/wiki/Key_repeat_rate
Gentoo Wiki (Main)	Keyboard layout switching	https://wiki.gentoo.org/wiki/Keyboard_layout_switching
Gentoo Wiki (Main)	Keychain	https://wiki.gentoo.org/wiki/Keychain
Gentoo Wiki (Main)	Keyd	https://wiki.gentoo.org/wiki/Keyd
Gentoo Wiki (Main)	Keystone	https://wiki.gentoo.org/wiki/Keystone
Gentoo Wiki (Main)	Khal	https://wiki.gentoo.org/wiki/Khal
Gentoo Wiki (Main)	KiCad	https://wiki.gentoo.org/wiki/KiCad
Gentoo Wiki (Main)	Kitty	https://wiki.gentoo.org/wiki/Kitty
Gentoo Wiki (Main)	Kmscon	https://wiki.gentoo.org/wiki/Kmscon
Gentoo Wiki (Main)	Known Problems	https://wiki.gentoo.org/wiki/Known_Problems
Gentoo Wiki (Main)	Kodi	https://wiki.gentoo.org/wiki/Kodi
Gentoo Wiki (Main)	Kodi on an Odroid C1+	https://wiki.gentoo.org/wiki/Kodi_on_an_Odroid_C1%2B
Gentoo Wiki (Main)	Konsole	https://wiki.gentoo.org/wiki/Konsole
Gentoo Wiki (Main)	Konversation	https://wiki.gentoo.org/wiki/Konversation
Gentoo Wiki (Main)	Kotlin	https://wiki.gentoo.org/wiki/Kotlin
Gentoo Wiki (Main)	Kotlin/Library Package Maintainer Guide	https://wiki.gentoo.org/wiki/Kotlin/Library_Package_Maintainer_Guide
Gentoo Wiki (Main)	Kotlin/Open Challenges and Room for Improvement	https://wiki.gentoo.org/wiki/Kotlin/Open_Challenges_and_Room_for_Improvement
Gentoo Wiki (Main)	Kotlin/Package Maintainer Guide	https://wiki.gentoo.org/wiki/Kotlin/Package_Maintainer_Guide
Gentoo Wiki (Main)	Kpatch	https://wiki.gentoo.org/wiki/Kpatch
Gentoo Wiki (Main)	Ksh	https://wiki.gentoo.org/wiki/Ksh
Gentoo Wiki (Main)	Kubernetes	https://wiki.gentoo.org/wiki/Kubernetes
Gentoo Wiki (Main)	Kubler	https://wiki.gentoo.org/wiki/Kubler
Gentoo Wiki (Main)	Kubo	https://wiki.gentoo.org/wiki/Kubo
Gentoo Wiki (Main)	Kyocera FS 1040 1041 1060 1061 1020 1025 1120 1125	https://wiki.gentoo.org/wiki/Kyocera_FS_1040_1041_1060_1061_1020_1025_1120_1125
Gentoo Wiki (Main)	LDP DocBook	https://wiki.gentoo.org/wiki/LDP_DocBook
Gentoo Wiki (Main)	LILO	https://wiki.gentoo.org/wiki/LILO
Gentoo Wiki (Main)	LLVM	https://wiki.gentoo.org/wiki/LLVM
Gentoo Wiki (Main)	LLVM/Clang	https://wiki.gentoo.org/wiki/LLVM/Clang
Gentoo Wiki (Main)	LLVM/Clang/Bootstrapping	https://wiki.gentoo.org/wiki/LLVM/Clang/Bootstrapping
Gentoo Wiki (Main)	LLVM/Clang/Desktop profile	https://wiki.gentoo.org/wiki/LLVM/Clang/Desktop_profile
Gentoo Wiki (Main)	LLVM/LLD	https://wiki.gentoo.org/wiki/LLVM/LLD
Gentoo Wiki (Main)	LLVM/Polly	https://wiki.gentoo.org/wiki/LLVM/Polly
Gentoo Wiki (Main)	LSI Embedded MegaRAID	https://wiki.gentoo.org/wiki/LSI_Embedded_MegaRAID
Gentoo Wiki (Main)	LTO	https://wiki.gentoo.org/wiki/LTO
Gentoo Wiki (Main)	LTO/LTO profile	https://wiki.gentoo.org/wiki/LTO/LTO_profile
Gentoo Wiki (Main)	LTSP	https://wiki.gentoo.org/wiki/LTSP
Gentoo Wiki (Main)	LVM	https://wiki.gentoo.org/wiki/LVM
Gentoo Wiki (Main)	LXC	https://wiki.gentoo.org/wiki/LXC
Gentoo Wiki (Main)	LXC/Network examples	https://wiki.gentoo.org/wiki/LXC/Network_examples
Gentoo Wiki (Main)	LXD	https://wiki.gentoo.org/wiki/LXD
Gentoo Wiki (Main)	LXDE	https://wiki.gentoo.org/wiki/LXDE
Gentoo Wiki (Main)	LXQt	https://wiki.gentoo.org/wiki/LXQt
Gentoo Wiki (Main)	Labwc	https://wiki.gentoo.org/wiki/Labwc
Gentoo Wiki (Main)	Larry the cow	https://wiki.gentoo.org/wiki/Larry_the_cow
Gentoo Wiki (Main)	Layman	https://wiki.gentoo.org/wiki/Layman
Gentoo Wiki (Main)	Leafpad	https://wiki.gentoo.org/wiki/Leafpad
Gentoo Wiki (Main)	Ledger	https://wiki.gentoo.org/wiki/Ledger
Gentoo Wiki (Main)	Legacy DTrace	https://wiki.gentoo.org/wiki/Legacy_DTrace
Gentoo Wiki (Main)	Lenovo G400	https://wiki.gentoo.org/wiki/Lenovo_G400
Gentoo Wiki (Main)	Lenovo G500	https://wiki.gentoo.org/wiki/Lenovo_G500
Gentoo Wiki (Main)	Lenovo IdeaPad 3 15ARE05	https://wiki.gentoo.org/wiki/Lenovo_IdeaPad_3_15ARE05
Gentoo Wiki (Main)	Lenovo IdeaPad B570e	https://wiki.gentoo.org/wiki/Lenovo_IdeaPad_B570e
Gentoo Wiki (Main)	Lenovo IdeaPad Flex 5 13IML05 Chromebook	https://wiki.gentoo.org/wiki/Lenovo_IdeaPad_Flex_5_13IML05_Chromebook
Gentoo Wiki (Main)	Lenovo IdeaPad Pro 5 Gen8 (14APH8, 16APH8)	https://wiki.gentoo.org/wiki/Lenovo_IdeaPad_Pro_5_Gen8_(14APH8,_16APH8)
Gentoo Wiki (Main)	Lenovo IdeaPad Y500	https://wiki.gentoo.org/wiki/Lenovo_IdeaPad_Y500
Gentoo Wiki (Main)	Lenovo IdeaPad Yoga 900 13ISK	https://wiki.gentoo.org/wiki/Lenovo_IdeaPad_Yoga_900_13ISK
Gentoo Wiki (Main)	Lenovo IdeaPad yoga 13 (i5)	https://wiki.gentoo.org/wiki/Lenovo_IdeaPad_yoga_13_(i5)
Gentoo Wiki (Main)	Lenovo Ideapad 330 (Ryzen)	https://wiki.gentoo.org/wiki/Lenovo_Ideapad_330_(Ryzen)
Gentoo Wiki (Main)	Lenovo Ideapad Slim 7	https://wiki.gentoo.org/wiki/Lenovo_Ideapad_Slim_7
Gentoo Wiki (Main)	Lenovo Legion Go	https://wiki.gentoo.org/wiki/Lenovo_Legion_Go
Gentoo Wiki (Main)	Lenovo Legion Y520 15IKBN	https://wiki.gentoo.org/wiki/Lenovo_Legion_Y520_15IKBN
Gentoo Wiki (Main)	Lenovo ThinkBook 15 G2 ITL	https://wiki.gentoo.org/wiki/Lenovo_ThinkBook_15_G2_ITL
Gentoo Wiki (Main)	Lenovo ThinkPad C13 Yoga Chromebook (Gen 1)	https://wiki.gentoo.org/wiki/Lenovo_ThinkPad_C13_Yoga_Chromebook_(Gen_1)
Gentoo Wiki (Main)	Lenovo ThinkPad E485	https://wiki.gentoo.org/wiki/Lenovo_ThinkPad_E485
Gentoo Wiki (Main)	Lenovo ThinkPad L14 (Gen 4)	https://wiki.gentoo.org/wiki/Lenovo_ThinkPad_L14_(Gen_4)
Gentoo Wiki (Main)	Lenovo ThinkPad L14 (Gen 5)	https://wiki.gentoo.org/wiki/Lenovo_ThinkPad_L14_(Gen_5)
Gentoo Wiki (Main)	Lenovo ThinkPad L380 Yoga	https://wiki.gentoo.org/wiki/Lenovo_ThinkPad_L380_Yoga
Gentoo Wiki (Main)	Lenovo ThinkPad P16v 1st Generation (AMD)	https://wiki.gentoo.org/wiki/Lenovo_ThinkPad_P16v_1st_Generation_(AMD)
Gentoo Wiki (Main)	Lenovo ThinkPad P16v 1st Generation (Intel)	https://wiki.gentoo.org/wiki/Lenovo_ThinkPad_P16v_1st_Generation_(Intel)
Gentoo Wiki (Main)	Lenovo ThinkPad P50	https://wiki.gentoo.org/wiki/Lenovo_ThinkPad_P50
Gentoo Wiki (Main)	Lenovo ThinkPad P52	https://wiki.gentoo.org/wiki/Lenovo_ThinkPad_P52
Gentoo Wiki (Main)	Lenovo ThinkPad P53	https://wiki.gentoo.org/wiki/Lenovo_ThinkPad_P53
Gentoo Wiki (Main)	Lenovo ThinkPad S440	https://wiki.gentoo.org/wiki/Lenovo_ThinkPad_S440
Gentoo Wiki (Main)	Lenovo ThinkPad T14 Gen3 (Intel)	https://wiki.gentoo.org/wiki/Lenovo_ThinkPad_T14_Gen3_(Intel)
Gentoo Wiki (Main)	Lenovo ThinkPad T400	https://wiki.gentoo.org/wiki/Lenovo_ThinkPad_T400
Gentoo Wiki (Main)	Lenovo ThinkPad T420s	https://wiki.gentoo.org/wiki/Lenovo_ThinkPad_T420s
Gentoo Wiki (Main)	Lenovo ThinkPad T440s	https://wiki.gentoo.org/wiki/Lenovo_ThinkPad_T440s
Gentoo Wiki (Main)	Lenovo ThinkPad T450s	https://wiki.gentoo.org/wiki/Lenovo_ThinkPad_T450s
Gentoo Wiki (Main)	Lenovo ThinkPad T540p	https://wiki.gentoo.org/wiki/Lenovo_ThinkPad_T540p
Gentoo Wiki (Main)	Lenovo ThinkPad Twist S230u	https://wiki.gentoo.org/wiki/Lenovo_ThinkPad_Twist_S230u
Gentoo Wiki (Main)	Lenovo ThinkPad X13s	https://wiki.gentoo.org/wiki/Lenovo_ThinkPad_X13s
Gentoo Wiki (Main)	Lenovo ThinkPad X1 Carbon	https://wiki.gentoo.org/wiki/Lenovo_ThinkPad_X1_Carbon
Gentoo Wiki (Main)	Lenovo ThinkPad X1 Carbon 11th generation	https://wiki.gentoo.org/wiki/Lenovo_ThinkPad_X1_Carbon_11th_generation
Gentoo Wiki (Main)	Lenovo ThinkPad X1 Carbon 1st generation	https://wiki.gentoo.org/wiki/Lenovo_ThinkPad_X1_Carbon_1st_generation
Gentoo Wiki (Main)	Lenovo ThinkPad X1 Carbon 3rd Gen	https://wiki.gentoo.org/wiki/Lenovo_ThinkPad_X1_Carbon_3rd_Gen
Gentoo Wiki (Main)	Lenovo ThinkPad X1 Carbon 5th generation	https://wiki.gentoo.org/wiki/Lenovo_ThinkPad_X1_Carbon_5th_generation
Gentoo Wiki (Main)	Lenovo ThinkPad X1 Carbon 6th generation	https://wiki.gentoo.org/wiki/Lenovo_ThinkPad_X1_Carbon_6th_generation
Gentoo Wiki (Main)	Lenovo ThinkPad X1 Carbon 7th generation	https://wiki.gentoo.org/wiki/Lenovo_ThinkPad_X1_Carbon_7th_generation
Gentoo Wiki (Main)	Lenovo ThinkPad X1 Carbon 8th generation	https://wiki.gentoo.org/wiki/Lenovo_ThinkPad_X1_Carbon_8th_generation
Gentoo Wiki (Main)	Lenovo ThinkPad X1 Tablet (Gen 2)	https://wiki.gentoo.org/wiki/Lenovo_ThinkPad_X1_Tablet_(Gen_2)
Gentoo Wiki (Main)	Lenovo ThinkPad X1 Yoga 2nd Generation	https://wiki.gentoo.org/wiki/Lenovo_ThinkPad_X1_Yoga_2nd_Generation
Gentoo Wiki (Main)	Lenovo ThinkPad X200/X201 Tablet	https://wiki.gentoo.org/wiki/Lenovo_ThinkPad_X200/X201_Tablet
Gentoo Wiki (Main)	Lenovo ThinkPad X201	https://wiki.gentoo.org/wiki/Lenovo_ThinkPad_X201
Gentoo Wiki (Main)	Lenovo ThinkPad X230	https://wiki.gentoo.org/wiki/Lenovo_ThinkPad_X230
Gentoo Wiki (Main)	Lenovo ThinkPad X260	https://wiki.gentoo.org/wiki/Lenovo_ThinkPad_X260
Gentoo Wiki (Main)	Lenovo ThinkPad X280	https://wiki.gentoo.org/wiki/Lenovo_ThinkPad_X280
Gentoo Wiki (Main)	Lenovo ThinkPad X61	https://wiki.gentoo.org/wiki/Lenovo_ThinkPad_X61
Gentoo Wiki (Main)	Lenovo ThinkPad Z16 (Gen 1)	https://wiki.gentoo.org/wiki/Lenovo_ThinkPad_Z16_(Gen_1)
Gentoo Wiki (Main)	Lenovo Thinkpad E531	https://wiki.gentoo.org/wiki/Lenovo_Thinkpad_E531
Gentoo Wiki (Main)	Lenovo Thinkpad E540	https://wiki.gentoo.org/wiki/Lenovo_Thinkpad_E540
Gentoo Wiki (Main)	Lenovo Thinkpad E550	https://wiki.gentoo.org/wiki/Lenovo_Thinkpad_E550
Gentoo Wiki (Main)	Lenovo Thinkpad L540	https://wiki.gentoo.org/wiki/Lenovo_Thinkpad_L540
Gentoo Wiki (Main)	Lenovo Thinkpad R500	https://wiki.gentoo.org/wiki/Lenovo_Thinkpad_R500
Gentoo Wiki (Main)	Lenovo Thinkpad T420	https://wiki.gentoo.org/wiki/Lenovo_Thinkpad_T420
Gentoo Wiki (Main)	Lenovo Thinkpad T430	https://wiki.gentoo.org/wiki/Lenovo_Thinkpad_T430
Gentoo Wiki (Main)	Lenovo Thinkpad T480	https://wiki.gentoo.org/wiki/Lenovo_Thinkpad_T480
Gentoo Wiki (Main)	Lenovo Thinkpad T495	https://wiki.gentoo.org/wiki/Lenovo_Thinkpad_T495
Gentoo Wiki (Main)	Lenovo Thinkpad W530	https://wiki.gentoo.org/wiki/Lenovo_Thinkpad_W530
Gentoo Wiki (Main)	Lenovo Thinkpad W540	https://wiki.gentoo.org/wiki/Lenovo_Thinkpad_W540
Gentoo Wiki (Main)	Lenovo Thinkpad X250	https://wiki.gentoo.org/wiki/Lenovo_Thinkpad_X250
Gentoo Wiki (Main)	Lenovo Thinkpad x140e	https://wiki.gentoo.org/wiki/Lenovo_Thinkpad_x140e
Gentoo Wiki (Main)	Lenovo Yoga 2 11-inch	https://wiki.gentoo.org/wiki/Lenovo_Yoga_2_11-inch
Gentoo Wiki (Main)	Lenovo Yoga 3 Pro	https://wiki.gentoo.org/wiki/Lenovo_Yoga_3_Pro
Gentoo Wiki (Main)	Lenovo Yoga 7 14ARP8	https://wiki.gentoo.org/wiki/Lenovo_Yoga_7_14ARP8
Gentoo Wiki (Main)	Lenovo Yoga C940	https://wiki.gentoo.org/wiki/Lenovo_Yoga_C940
Gentoo Wiki (Main)	Lenovo s20-30	https://wiki.gentoo.org/wiki/Lenovo_s20-30
Gentoo Wiki (Main)	Lenovo yoga 730	https://wiki.gentoo.org/wiki/Lenovo_yoga_730
Gentoo Wiki (Main)	Less	https://wiki.gentoo.org/wiki/Less
Gentoo Wiki (Main)	Let's Encrypt	https://wiki.gentoo.org/wiki/Let%27s_Encrypt
Gentoo Wiki (Main)	Libc	https://wiki.gentoo.org/wiki/Libc
Gentoo Wiki (Main)	Libcamera	https://wiki.gentoo.org/wiki/Libcamera
Gentoo Wiki (Main)	Libinput	https://wiki.gentoo.org/wiki/Libinput
Gentoo Wiki (Main)	LibreOffice	https://wiki.gentoo.org/wiki/LibreOffice
Gentoo Wiki (Main)	LibreSSL	https://wiki.gentoo.org/wiki/LibreSSL
Gentoo Wiki (Main)	LibreWolf	https://wiki.gentoo.org/wiki/LibreWolf
Gentoo Wiki (Main)	Libre Computer Renegade	https://wiki.gentoo.org/wiki/Libre_Computer_Renegade
Gentoo Wiki (Main)	Libre Computer Renegade/Installing Gentoo	https://wiki.gentoo.org/wiki/Libre_Computer_Renegade/Installing_Gentoo
Gentoo Wiki (Main)	Libvirt	https://wiki.gentoo.org/wiki/Libvirt
Gentoo Wiki (Main)	Libvirt/QEMU networking	https://wiki.gentoo.org/wiki/Libvirt/QEMU_networking
Gentoo Wiki (Main)	Libvirt/domain	https://wiki.gentoo.org/wiki/Libvirt/domain
Gentoo Wiki (Main)	Libvirt/libvirtd	https://wiki.gentoo.org/wiki/Libvirt/libvirtd
Gentoo Wiki (Main)	License groups	https://wiki.gentoo.org/wiki/License_groups
Gentoo Wiki (Main)	License groups/BINARY-REDISTRIBUTABLE	https://wiki.gentoo.org/wiki/License_groups/BINARY-REDISTRIBUTABLE
Gentoo Wiki (Main)	License groups/EULA	https://wiki.gentoo.org/wiki/License_groups/EULA
Gentoo Wiki (Main)	License groups/FSF-APPROVED	https://wiki.gentoo.org/wiki/License_groups/FSF-APPROVED
Gentoo Wiki (Main)	License groups/FSF-APPROVED-OTHER	https://wiki.gentoo.org/wiki/License_groups/FSF-APPROVED-OTHER
Gentoo Wiki (Main)	License groups/GPL-COMPATIBLE	https://wiki.gentoo.org/wiki/License_groups/GPL-COMPATIBLE
Gentoo Wiki (Main)	License groups/MISC-FREE	https://wiki.gentoo.org/wiki/License_groups/MISC-FREE
Gentoo Wiki (Main)	License groups/MISC-FREE-DOCS	https://wiki.gentoo.org/wiki/License_groups/MISC-FREE-DOCS
Gentoo Wiki (Main)	License groups/Nonfree	https://wiki.gentoo.org/wiki/License_groups/Nonfree
Gentoo Wiki (Main)	License groups/OSI-APPROVED	https://wiki.gentoo.org/wiki/License_groups/OSI-APPROVED
Gentoo Wiki (Main)	LightDM	https://wiki.gentoo.org/wiki/LightDM
Gentoo Wiki (Main)	Lighttpd	https://wiki.gentoo.org/wiki/Lighttpd
Gentoo Wiki (Main)	Lightweight CVS Checkout	https://wiki.gentoo.org/wiki/Lightweight_CVS_Checkout
Gentoo Wiki (Main)	LilyPond	https://wiki.gentoo.org/wiki/LilyPond
Gentoo Wiki (Main)	Limine	https://wiki.gentoo.org/wiki/Limine
Gentoo Wiki (Main)	Linphone	https://wiki.gentoo.org/wiki/Linphone
Gentoo Wiki (Main)	Linux-headers	https://wiki.gentoo.org/wiki/Linux-headers
Gentoo Wiki (Main)	LinuxDays 2016+Gentoo Miniconf	https://wiki.gentoo.org/wiki/LinuxDays_2016%2BGentoo_Miniconf
Gentoo Wiki (Main)	Linux firmware	https://wiki.gentoo.org/wiki/Linux_firmware
Gentoo Wiki (Main)	Lisp	https://wiki.gentoo.org/wiki/Lisp
Gentoo Wiki (Main)	Lisp (project archive)	https://wiki.gentoo.org/wiki/Lisp_(project_archive)
Gentoo Wiki (Main)	List of audio software	https://wiki.gentoo.org/wiki/List_of_audio_software
Gentoo Wiki (Main)	List of discs by developers	https://wiki.gentoo.org/wiki/List_of_discs_by_developers
Gentoo Wiki (Main)	List of music production software	https://wiki.gentoo.org/wiki/List_of_music_production_software
Gentoo Wiki (Main)	List of software for Wayland	https://wiki.gentoo.org/wiki/List_of_software_for_Wayland
Gentoo Wiki (Main)	List of terminal productivity software	https://wiki.gentoo.org/wiki/List_of_terminal_productivity_software
Gentoo Wiki (Main)	LiveDVD-Persistence-Mode	https://wiki.gentoo.org/wiki/LiveDVD-Persistence-Mode
Gentoo Wiki (Main)	LiveUSB	https://wiki.gentoo.org/wiki/LiveUSB
Gentoo Wiki (Main)	LiveUSB/ISOLINUX	https://wiki.gentoo.org/wiki/LiveUSB/ISOLINUX
Gentoo Wiki (Main)	Live ebuilds	https://wiki.gentoo.org/wiki/Live_ebuilds
Gentoo Wiki (Main)	Live environment	https://wiki.gentoo.org/wiki/Live_environment
Gentoo Wiki (Main)	Live image	https://wiki.gentoo.org/wiki/Live_image
Gentoo Wiki (Main)	Live patching	https://wiki.gentoo.org/wiki/Live_patching
Gentoo Wiki (Main)	Livestreamer	https://wiki.gentoo.org/wiki/Livestreamer
Gentoo Wiki (Main)	Lm sensors	https://wiki.gentoo.org/wiki/Lm_sensors
Gentoo Wiki (Main)	Lmctfy	https://wiki.gentoo.org/wiki/Lmctfy
Gentoo Wiki (Main)	Lmod	https://wiki.gentoo.org/wiki/Lmod
Gentoo Wiki (Main)	Local Mirror	https://wiki.gentoo.org/wiki/Local_Mirror
Gentoo Wiki (Main)	Local Mirror/repos.conf	https://wiki.gentoo.org/wiki/Local_Mirror/repos.conf
Gentoo Wiki (Main)	Local distfiles cache	https://wiki.gentoo.org/wiki/Local_distfiles_cache
Gentoo Wiki (Main)	Localization	https://wiki.gentoo.org/wiki/Localization
Gentoo Wiki (Main)	Localization/Guide	https://wiki.gentoo.org/wiki/Localization/Guide
Gentoo Wiki (Main)	Localization/Guide/The Euro symbol	https://wiki.gentoo.org/wiki/Localization/Guide/The_Euro_symbol
Gentoo Wiki (Main)	Localization/L10n conversion status	https://wiki.gentoo.org/wiki/Localization/L10n_conversion_status
Gentoo Wiki (Main)	Log4j	https://wiki.gentoo.org/wiki/Log4j
Gentoo Wiki (Main)	Logcheck	https://wiki.gentoo.org/wiki/Logcheck
Gentoo Wiki (Main)	Logging	https://wiki.gentoo.org/wiki/Logging
Gentoo Wiki (Main)	Login	https://wiki.gentoo.org/wiki/Login
Gentoo Wiki (Main)	Logitech G15	https://wiki.gentoo.org/wiki/Logitech_G15
Gentoo Wiki (Main)	Logitech G533	https://wiki.gentoo.org/wiki/Logitech_G533
Gentoo Wiki (Main)	Logitech bolt	https://wiki.gentoo.org/wiki/Logitech_bolt
Gentoo Wiki (Main)	Logrotate	https://wiki.gentoo.org/wiki/Logrotate
Gentoo Wiki (Main)	Lolcat	https://wiki.gentoo.org/wiki/Lolcat
Gentoo Wiki (Main)	Lshw	https://wiki.gentoo.org/wiki/Lshw
Gentoo Wiki (Main)	Ltunify	https://wiki.gentoo.org/wiki/Ltunify
Gentoo Wiki (Main)	Lua	https://wiki.gentoo.org/wiki/Lua
Gentoo Wiki (Main)	Lua/Porting notes	https://wiki.gentoo.org/wiki/Lua/Porting_notes
Gentoo Wiki (Main)	Luanti	https://wiki.gentoo.org/wiki/Luanti
Gentoo Wiki (Main)	Luckfox Core3566	https://wiki.gentoo.org/wiki/Luckfox_Core3566
Gentoo Wiki (Main)	Lumina	https://wiki.gentoo.org/wiki/Lumina
Gentoo Wiki (Main)	Lutris	https://wiki.gentoo.org/wiki/Lutris
Gentoo Wiki (Main)	M68k	https://wiki.gentoo.org/wiki/M68k
Gentoo Wiki (Main)	MAKEOPTS	https://wiki.gentoo.org/wiki/MAKEOPTS
Gentoo Wiki (Main)	MATE	https://wiki.gentoo.org/wiki/MATE
Gentoo Wiki (Main)	MATE (project archive)	https://wiki.gentoo.org/wiki/MATE_(project_archive)
Gentoo Wiki (Main)	MCUXpresso	https://wiki.gentoo.org/wiki/MCUXpresso
Gentoo Wiki (Main)	MIDI	https://wiki.gentoo.org/wiki/MIDI
Gentoo Wiki (Main)	MIDI controller guide	https://wiki.gentoo.org/wiki/MIDI_controller_guide
Gentoo Wiki (Main)	MIPS	https://wiki.gentoo.org/wiki/MIPS
Gentoo Wiki (Main)	MIPS/ERLite-3	https://wiki.gentoo.org/wiki/MIPS/ERLite-3
Gentoo Wiki (Main)	MIPS/FAQ	https://wiki.gentoo.org/wiki/MIPS/FAQ
Gentoo Wiki (Main)	MIPS/Hardware Requirements	https://wiki.gentoo.org/wiki/MIPS/Hardware_Requirements
Gentoo Wiki (Main)	MNT Reform	https://wiki.gentoo.org/wiki/MNT_Reform
Gentoo Wiki (Main)	MOC	https://wiki.gentoo.org/wiki/MOC
Gentoo Wiki (Main)	MPD	https://wiki.gentoo.org/wiki/MPD
Gentoo Wiki (Main)	MPlayer	https://wiki.gentoo.org/wiki/MPlayer
Gentoo Wiki (Main)	MSI GS60 2QE Ghost Pro 4K	https://wiki.gentoo.org/wiki/MSI_GS60_2QE_Ghost_Pro_4K
Gentoo Wiki (Main)	MSI GT72S-G220	https://wiki.gentoo.org/wiki/MSI_GT72S-G220
Gentoo Wiki (Main)	MTP	https://wiki.gentoo.org/wiki/MTP
Gentoo Wiki (Main)	MTPfs	https://wiki.gentoo.org/wiki/MTPfs
Gentoo Wiki (Main)	MTRR and PAT	https://wiki.gentoo.org/wiki/MTRR_and_PAT
Gentoo Wiki (Main)	Mac Mini (PowerPC G4)	https://wiki.gentoo.org/wiki/Mac_Mini_(PowerPC_G4)
Gentoo Wiki (Main)	Macbook Pro (early 2011)	https://wiki.gentoo.org/wiki/Macbook_Pro_(early_2011)
Gentoo Wiki (Main)	Magic SysRq	https://wiki.gentoo.org/wiki/Magic_SysRq
Gentoo Wiki (Main)	Mailfiltering Gateway	https://wiki.gentoo.org/wiki/Mailfiltering_Gateway
Gentoo Wiki (Main)	Main Page	https://wiki.gentoo.org/wiki/Main_Page
Gentoo Wiki (Main)	Make	https://wiki.gentoo.org/wiki/Make
Gentoo Wiki (Main)	Mako	https://wiki.gentoo.org/wiki/Mako
Gentoo Wiki (Main)	Man page	https://wiki.gentoo.org/wiki/Man_page
Gentoo Wiki (Main)	Man page/Navigate	https://wiki.gentoo.org/wiki/Man_page/Navigate
Gentoo Wiki (Main)	Mandoc	https://wiki.gentoo.org/wiki/Mandoc
Gentoo Wiki (Main)	MangoPi MQ-Pro	https://wiki.gentoo.org/wiki/MangoPi_MQ-Pro
Gentoo Wiki (Main)	MangoWM	https://wiki.gentoo.org/wiki/MangoWM
Gentoo Wiki (Main)	Manim	https://wiki.gentoo.org/wiki/Manim
Gentoo Wiki (Main)	MariaDB	https://wiki.gentoo.org/wiki/MariaDB
Gentoo Wiki (Main)	MariaDB: AWS Key Management	https://wiki.gentoo.org/wiki/MariaDB:_AWS_Key_Management
Gentoo Wiki (Main)	MariaDB Galera Cluster	https://wiki.gentoo.org/wiki/MariaDB_Galera_Cluster
Gentoo Wiki (Main)	Master Boot Record	https://wiki.gentoo.org/wiki/Master_Boot_Record
Gentoo Wiki (Main)	Mastermirror	https://wiki.gentoo.org/wiki/Mastermirror
Gentoo Wiki (Main)	Matlab	https://wiki.gentoo.org/wiki/Matlab
Gentoo Wiki (Main)	Maven	https://wiki.gentoo.org/wiki/Maven
Gentoo Wiki (Main)	Mdadm	https://wiki.gentoo.org/wiki/Mdadm
Gentoo Wiki (Main)	Mdev	https://wiki.gentoo.org/wiki/Mdev
Gentoo Wiki (Main)	Mdev/Automount USB	https://wiki.gentoo.org/wiki/Mdev/Automount_USB
Gentoo Wiki (Main)	Mdev/Automount USB/automount	https://wiki.gentoo.org/wiki/Mdev/Automount_USB/automount
Gentoo Wiki (Main)	MediaWiki	https://wiki.gentoo.org/wiki/MediaWiki
Gentoo Wiki (Main)	Medion Akoya E1318T	https://wiki.gentoo.org/wiki/Medion_Akoya_E1318T
Gentoo Wiki (Main)	Memtest86+	https://wiki.gentoo.org/wiki/Memtest86%2B
Gentoo Wiki (Main)	Merge-usr	https://wiki.gentoo.org/wiki/Merge-usr
Gentoo Wiki (Main)	Meta (disambiguation)	https://wiki.gentoo.org/wiki/Meta_(disambiguation)
Gentoo Wiki (Main)	Meta article	https://wiki.gentoo.org/wiki/Meta_article
Gentoo Wiki (Main)	Meta ebuilds	https://wiki.gentoo.org/wiki/Meta_ebuilds
Gentoo Wiki (Main)	Metalog	https://wiki.gentoo.org/wiki/Metalog
Gentoo Wiki (Main)	Metasploit	https://wiki.gentoo.org/wiki/Metasploit
Gentoo Wiki (Main)	Mgorny-dev-scripts	https://wiki.gentoo.org/wiki/Mgorny-dev-scripts
Gentoo Wiki (Main)	Microcode	https://wiki.gentoo.org/wiki/Microcode
Gentoo Wiki (Main)	Milk-V Pioneer Box	https://wiki.gentoo.org/wiki/Milk-V_Pioneer_Box
Gentoo Wiki (Main)	Minecraft	https://wiki.gentoo.org/wiki/Minecraft
Gentoo Wiki (Main)	Mingw	https://wiki.gentoo.org/wiki/Mingw
Gentoo Wiki (Main)	MiniDLNA	https://wiki.gentoo.org/wiki/MiniDLNA
Gentoo Wiki (Main)	Minicom	https://wiki.gentoo.org/wiki/Minicom
Gentoo Wiki (Main)	Minimizing compilation and installation time	https://wiki.gentoo.org/wiki/Minimizing_compilation_and_installation_time
Gentoo Wiki (Main)	Mirrorselect	https://wiki.gentoo.org/wiki/Mirrorselect
Gentoo Wiki (Main)	Mk802 TV-Stick	https://wiki.gentoo.org/wiki/Mk802_TV-Stick
Gentoo Wiki (Main)	Mksh	https://wiki.gentoo.org/wiki/Mksh
Gentoo Wiki (Main)	Mkstage4	https://wiki.gentoo.org/wiki/Mkstage4
Gentoo Wiki (Main)	Mlocate	https://wiki.gentoo.org/wiki/Mlocate
Gentoo Wiki (Main)	MoarVM	https://wiki.gentoo.org/wiki/MoarVM
Gentoo Wiki (Main)	Model-specific registers	https://wiki.gentoo.org/wiki/Model-specific_registers
Gentoo Wiki (Main)	Modern C porting	https://wiki.gentoo.org/wiki/Modern_C_porting
Gentoo Wiki (Main)	Modprobed-db	https://wiki.gentoo.org/wiki/Modprobed-db
Gentoo Wiki (Main)	Mold	https://wiki.gentoo.org/wiki/Mold
Gentoo Wiki (Main)	Monero	https://wiki.gentoo.org/wiki/Monero
Gentoo Wiki (Main)	Monit	https://wiki.gentoo.org/wiki/Monit
Gentoo Wiki (Main)	Moodle	https://wiki.gentoo.org/wiki/Moodle
Gentoo Wiki (Main)	Mosh	https://wiki.gentoo.org/wiki/Mosh
Gentoo Wiki (Main)	Mosquitto	https://wiki.gentoo.org/wiki/Mosquitto
Gentoo Wiki (Main)	Motile m142	https://wiki.gentoo.org/wiki/Motile_m142
Gentoo Wiki (Main)	Motion	https://wiki.gentoo.org/wiki/Motion
Gentoo Wiki (Main)	Moto G 4G Worthy Notes	https://wiki.gentoo.org/wiki/Moto_G_4G_Worthy_Notes
Gentoo Wiki (Main)	Mount	https://wiki.gentoo.org/wiki/Mount
Gentoo Wiki (Main)	Mount Encrypted Ubuntu Home/Guide	https://wiki.gentoo.org/wiki/Mount_Encrypted_Ubuntu_Home/Guide
Gentoo Wiki (Main)	Mpfr4 Update Guide	https://wiki.gentoo.org/wiki/Mpfr4_Update_Guide
Gentoo Wiki (Main)	Mpv	https://wiki.gentoo.org/wiki/Mpv
Gentoo Wiki (Main)	Mpv/autoloadtxt.lua	https://wiki.gentoo.org/wiki/Mpv/autoloadtxt.lua
Gentoo Wiki (Main)	MrChromebox's coreboot	https://wiki.gentoo.org/wiki/MrChromebox%27s_coreboot
Gentoo Wiki (Main)	Msi-keyboard	https://wiki.gentoo.org/wiki/Msi-keyboard
Gentoo Wiki (Main)	MuPDF	https://wiki.gentoo.org/wiki/MuPDF
Gentoo Wiki (Main)	Mullvad VPN	https://wiki.gentoo.org/wiki/Mullvad_VPN
Gentoo Wiki (Main)	Multi-boot	https://wiki.gentoo.org/wiki/Multi-boot
Gentoo Wiki (Main)	Multi-layer hierarchical profile layout with mix-ins	https://wiki.gentoo.org/wiki/Multi-layer_hierarchical_profile_layout_with_mix-ins
Gentoo Wiki (Main)	MultiPath TCP	https://wiki.gentoo.org/wiki/MultiPath_TCP
Gentoo Wiki (Main)	Multilib	https://wiki.gentoo.org/wiki/Multilib
Gentoo Wiki (Main)	Multilib/Adding new ABIs	https://wiki.gentoo.org/wiki/Multilib/Adding_new_ABIs
Gentoo Wiki (Main)	Multilib/Concepts	https://wiki.gentoo.org/wiki/Multilib/Concepts
Gentoo Wiki (Main)	Multilib/Eclasses	https://wiki.gentoo.org/wiki/Multilib/Eclasses
Gentoo Wiki (Main)	Multilib/RoadMap	https://wiki.gentoo.org/wiki/Multilib/RoadMap
Gentoo Wiki (Main)	Multilib/Tips & tricks	https://wiki.gentoo.org/wiki/Multilib/Tips_%26_tricks
Gentoo Wiki (Main)	Multilib/gx86-multilib	https://wiki.gentoo.org/wiki/Multilib/gx86-multilib
Gentoo Wiki (Main)	Multilib/multilib-build	https://wiki.gentoo.org/wiki/Multilib/multilib-build
Gentoo Wiki (Main)	Multilib/multilib-minimal	https://wiki.gentoo.org/wiki/Multilib/multilib-minimal
Gentoo Wiki (Main)	Multilib System without emul-linux Packages	https://wiki.gentoo.org/wiki/Multilib_System_without_emul-linux_Packages
Gentoo Wiki (Main)	Multilib porting status	https://wiki.gentoo.org/wiki/Multilib_porting_status
Gentoo Wiki (Main)	Multimedia container formats	https://wiki.gentoo.org/wiki/Multimedia_container_formats
Gentoo Wiki (Main)	Multipath	https://wiki.gentoo.org/wiki/Multipath
Gentoo Wiki (Main)	Multiseat	https://wiki.gentoo.org/wiki/Multiseat
Gentoo Wiki (Main)	Mumble	https://wiki.gentoo.org/wiki/Mumble
Gentoo Wiki (Main)	Munin	https://wiki.gentoo.org/wiki/Munin
Gentoo Wiki (Main)	Munin maintenance	https://wiki.gentoo.org/wiki/Munin_maintenance
Gentoo Wiki (Main)	Murmur	https://wiki.gentoo.org/wiki/Murmur
Gentoo Wiki (Main)	Musl	https://wiki.gentoo.org/wiki/Musl
Gentoo Wiki (Main)	Musl porting notes	https://wiki.gentoo.org/wiki/Musl_porting_notes
Gentoo Wiki (Main)	Musl porting notes/1.2.4	https://wiki.gentoo.org/wiki/Musl_porting_notes/1.2.4
Gentoo Wiki (Main)	Mutt	https://wiki.gentoo.org/wiki/Mutt
Gentoo Wiki (Main)	Mutter	https://wiki.gentoo.org/wiki/Mutter
Gentoo Wiki (Main)	MySQL	https://wiki.gentoo.org/wiki/MySQL
Gentoo Wiki (Main)	MySQL/Migrate to 5.0	https://wiki.gentoo.org/wiki/MySQL/Migrate_to_5.0
Gentoo Wiki (Main)	MySQL/Startup Guide	https://wiki.gentoo.org/wiki/MySQL/Startup_Guide
Gentoo Wiki (Main)	MythTV	https://wiki.gentoo.org/wiki/MythTV
Gentoo Wiki (Main)	NILFS	https://wiki.gentoo.org/wiki/NILFS
Gentoo Wiki (Main)	NQP	https://wiki.gentoo.org/wiki/NQP
Gentoo Wiki (Main)	NTFS	https://wiki.gentoo.org/wiki/NTFS
Gentoo Wiki (Main)	NUT	https://wiki.gentoo.org/wiki/NUT
Gentoo Wiki (Main)	NVIDIA	https://wiki.gentoo.org/wiki/NVIDIA
Gentoo Wiki (Main)	NVIDIA/Bumblebee	https://wiki.gentoo.org/wiki/NVIDIA/Bumblebee
Gentoo Wiki (Main)	NVIDIA/Optimus	https://wiki.gentoo.org/wiki/NVIDIA/Optimus
Gentoo Wiki (Main)	NVIDIA/Optimus/Debugging D-Bus	https://wiki.gentoo.org/wiki/NVIDIA/Optimus/Debugging_D-Bus
Gentoo Wiki (Main)	NVIDIA/Optimus/Debugging Xorg	https://wiki.gentoo.org/wiki/NVIDIA/Optimus/Debugging_Xorg
Gentoo Wiki (Main)	NVIDIA/Optimus/EDID Xorg.conf Example	https://wiki.gentoo.org/wiki/NVIDIA/Optimus/EDID_Xorg.conf_Example
Gentoo Wiki (Main)	NVIDIA/Optimus/xorg.conf	https://wiki.gentoo.org/wiki/NVIDIA/Optimus/xorg.conf
Gentoo Wiki (Main)	NVIDIA/nvidia-drivers	https://wiki.gentoo.org/wiki/NVIDIA/nvidia-drivers
Gentoo Wiki (Main)	NVIDIA Jetson TX2	https://wiki.gentoo.org/wiki/NVIDIA_Jetson_TX2
Gentoo Wiki (Main)	NVIDIA Optimus and HDMI Output Configuration	https://wiki.gentoo.org/wiki/NVIDIA_Optimus_and_HDMI_Output_Configuration
Gentoo Wiki (Main)	NVMe	https://wiki.gentoo.org/wiki/NVMe
Gentoo Wiki (Main)	Nagios	https://wiki.gentoo.org/wiki/Nagios
Gentoo Wiki (Main)	Nagios/Guide	https://wiki.gentoo.org/wiki/Nagios/Guide
Gentoo Wiki (Main)	Namespaces	https://wiki.gentoo.org/wiki/Namespaces
Gentoo Wiki (Main)	Nano	https://wiki.gentoo.org/wiki/Nano
Gentoo Wiki (Main)	Nano/Guide	https://wiki.gentoo.org/wiki/Nano/Guide
Gentoo Wiki (Main)	Nattka	https://wiki.gentoo.org/wiki/Nattka
Gentoo Wiki (Main)	Ncdu	https://wiki.gentoo.org/wiki/Ncdu
Gentoo Wiki (Main)	Ncmpcpp	https://wiki.gentoo.org/wiki/Ncmpcpp
Gentoo Wiki (Main)	Nemo	https://wiki.gentoo.org/wiki/Nemo
Gentoo Wiki (Main)	Neofetch	https://wiki.gentoo.org/wiki/Neofetch
Gentoo Wiki (Main)	Neomutt	https://wiki.gentoo.org/wiki/Neomutt
Gentoo Wiki (Main)	Neovim	https://wiki.gentoo.org/wiki/Neovim
Gentoo Wiki (Main)	Net-SNMP	https://wiki.gentoo.org/wiki/Net-SNMP
Gentoo Wiki (Main)	Netatalk	https://wiki.gentoo.org/wiki/Netatalk
Gentoo Wiki (Main)	Netfilter	https://wiki.gentoo.org/wiki/Netfilter
Gentoo Wiki (Main)	Netifrc	https://wiki.gentoo.org/wiki/Netifrc
Gentoo Wiki (Main)	Netifrc/Brctl Migration	https://wiki.gentoo.org/wiki/Netifrc/Brctl_Migration
Gentoo Wiki (Main)	NetworkManager	https://wiki.gentoo.org/wiki/NetworkManager
Gentoo Wiki (Main)	Network Time Protocol	https://wiki.gentoo.org/wiki/Network_Time_Protocol
Gentoo Wiki (Main)	Network bridge	https://wiki.gentoo.org/wiki/Network_bridge
Gentoo Wiki (Main)	Network dependent services	https://wiki.gentoo.org/wiki/Network_dependent_services
Gentoo Wiki (Main)	Network management	https://wiki.gentoo.org/wiki/Network_management
Gentoo Wiki (Main)	Network management using DHCPCD	https://wiki.gentoo.org/wiki/Network_management_using_DHCPCD
Gentoo Wiki (Main)	Newbie-bot	https://wiki.gentoo.org/wiki/Newbie-bot
Gentoo Wiki (Main)	News feed	https://wiki.gentoo.org/wiki/News_feed
Gentoo Wiki (Main)	News project	https://wiki.gentoo.org/wiki/News_project
Gentoo Wiki (Main)	News project/Conversation topics	https://wiki.gentoo.org/wiki/News_project/Conversation_topics
Gentoo Wiki (Main)	News project/Guide	https://wiki.gentoo.org/wiki/News_project/Guide
Gentoo Wiki (Main)	News project/Interview checklist	https://wiki.gentoo.org/wiki/News_project/Interview_checklist
Gentoo Wiki (Main)	Newsboat	https://wiki.gentoo.org/wiki/Newsboat
Gentoo Wiki (Main)	Nextcloud	https://wiki.gentoo.org/wiki/Nextcloud
Gentoo Wiki (Main)	Nfs-utils	https://wiki.gentoo.org/wiki/Nfs-utils
Gentoo Wiki (Main)	Nft	https://wiki.gentoo.org/wiki/Nft
Gentoo Wiki (Main)	Nftables	https://wiki.gentoo.org/wiki/Nftables
Gentoo Wiki (Main)	Nftables/Configuration	https://wiki.gentoo.org/wiki/Nftables/Configuration
Gentoo Wiki (Main)	Nftables/Examples	https://wiki.gentoo.org/wiki/Nftables/Examples
Gentoo Wiki (Main)	Nftables/Rules	https://wiki.gentoo.org/wiki/Nftables/Rules
Gentoo Wiki (Main)	Nftables/Ruleset	https://wiki.gentoo.org/wiki/Nftables/Ruleset
Gentoo Wiki (Main)	Nftables/Ruleset/Chain	https://wiki.gentoo.org/wiki/Nftables/Ruleset/Chain
Gentoo Wiki (Main)	Nftables/Ruleset/Rules	https://wiki.gentoo.org/wiki/Nftables/Ruleset/Rules
Gentoo Wiki (Main)	Nginx	https://wiki.gentoo.org/wiki/Nginx
Gentoo Wiki (Main)	Nginx/Module packaging guide	https://wiki.gentoo.org/wiki/Nginx/Module_packaging_guide
Gentoo Wiki (Main)	Niri	https://wiki.gentoo.org/wiki/Niri
Gentoo Wiki (Main)	Nload	https://wiki.gentoo.org/wiki/Nload
Gentoo Wiki (Main)	Nmap	https://wiki.gentoo.org/wiki/Nmap
Gentoo Wiki (Main)	No homepage	https://wiki.gentoo.org/wiki/No_homepage
Gentoo Wiki (Main)	Node.js	https://wiki.gentoo.org/wiki/Node.js
Gentoo Wiki (Main)	Non root Xorg	https://wiki.gentoo.org/wiki/Non_root_Xorg
Gentoo Wiki (Main)	Notes on TeX related ebuilds	https://wiki.gentoo.org/wiki/Notes_on_TeX_related_ebuilds
Gentoo Wiki (Main)	Notes on ebuilds with GUI	https://wiki.gentoo.org/wiki/Notes_on_ebuilds_with_GUI
Gentoo Wiki (Main)	Notmuch	https://wiki.gentoo.org/wiki/Notmuch
Gentoo Wiki (Main)	Notmuch/aerc	https://wiki.gentoo.org/wiki/Notmuch/aerc
Gentoo Wiki (Main)	Nouveau	https://wiki.gentoo.org/wiki/Nouveau
Gentoo Wiki (Main)	Nouveau & nvidia-drivers switching	https://wiki.gentoo.org/wiki/Nouveau_%26_nvidia-drivers_switching
Gentoo Wiki (Main)	NovaCustom V56 series	https://wiki.gentoo.org/wiki/NovaCustom_V56_series
Gentoo Wiki (Main)	Novena	https://wiki.gentoo.org/wiki/Novena
Gentoo Wiki (Main)	Ntp	https://wiki.gentoo.org/wiki/Ntp
Gentoo Wiki (Main)	Nushell	https://wiki.gentoo.org/wiki/Nushell
Gentoo Wiki (Main)	Nvidia GPU passthrough with QEMU on Lenovo ThinkPad P53	https://wiki.gentoo.org/wiki/Nvidia_GPU_passthrough_with_QEMU_on_Lenovo_ThinkPad_P53
Gentoo Wiki (Main)	OATH-Toolkit	https://wiki.gentoo.org/wiki/OATH-Toolkit
Gentoo Wiki (Main)	OBS Studio	https://wiki.gentoo.org/wiki/OBS_Studio
Gentoo Wiki (Main)	OLPC XO-1 laptop	https://wiki.gentoo.org/wiki/OLPC_XO-1_laptop
Gentoo Wiki (Main)	OVirt	https://wiki.gentoo.org/wiki/OVirt
Gentoo Wiki (Main)	OctoPrint	https://wiki.gentoo.org/wiki/OctoPrint
Gentoo Wiki (Main)	Okupy	https://wiki.gentoo.org/wiki/Okupy
Gentoo Wiki (Main)	Okupy/Installation	https://wiki.gentoo.org/wiki/Okupy/Installation
Gentoo Wiki (Main)	Okupy/Profiling and Debugging	https://wiki.gentoo.org/wiki/Okupy/Profiling_and_Debugging
Gentoo Wiki (Main)	Okupy/TODO dastergon	https://wiki.gentoo.org/wiki/Okupy/TODO_dastergon
Gentoo Wiki (Main)	Okupy/TODO mgorny	https://wiki.gentoo.org/wiki/Okupy/TODO_mgorny
Gentoo Wiki (Main)	Okupy/TODO tampakrap	https://wiki.gentoo.org/wiki/Okupy/TODO_tampakrap
Gentoo Wiki (Main)	Okupy/Troubleshooting	https://wiki.gentoo.org/wiki/Okupy/Troubleshooting
Gentoo Wiki (Main)	Okupy/Workflow	https://wiki.gentoo.org/wiki/Okupy/Workflow
Gentoo Wiki (Main)	Old Fashioned Gentoo Install	https://wiki.gentoo.org/wiki/Old_Fashioned_Gentoo_Install
Gentoo Wiki (Main)	On occasional emptytree	https://wiki.gentoo.org/wiki/On_occasional_emptytree
Gentoo Wiki (Main)	OneAPI	https://wiki.gentoo.org/wiki/OneAPI
Gentoo Wiki (Main)	OpenAFS	https://wiki.gentoo.org/wiki/OpenAFS
Gentoo Wiki (Main)	OpenCL	https://wiki.gentoo.org/wiki/OpenCL
Gentoo Wiki (Main)	OpenCT	https://wiki.gentoo.org/wiki/OpenCT
Gentoo Wiki (Main)	OpenConnect	https://wiki.gentoo.org/wiki/OpenConnect
Gentoo Wiki (Main)	OpenDKIM	https://wiki.gentoo.org/wiki/OpenDKIM
Gentoo Wiki (Main)	OpenGL	https://wiki.gentoo.org/wiki/OpenGL
Gentoo Wiki (Main)	OpenLDAP	https://wiki.gentoo.org/wiki/OpenLDAP
Gentoo Wiki (Main)	OpenLDAP Server	https://wiki.gentoo.org/wiki/OpenLDAP_Server
Gentoo Wiki (Main)	OpenNTPD	https://wiki.gentoo.org/wiki/OpenNTPD
Gentoo Wiki (Main)	OpenRC	https://wiki.gentoo.org/wiki/OpenRC
Gentoo Wiki (Main)	OpenRC/Baselayout 1 to 2 migration	https://wiki.gentoo.org/wiki/OpenRC/Baselayout_1_to_2_migration
Gentoo Wiki (Main)	OpenRC/CGroups	https://wiki.gentoo.org/wiki/OpenRC/CGroups
Gentoo Wiki (Main)	OpenRC/Event driven	https://wiki.gentoo.org/wiki/OpenRC/Event_driven
Gentoo Wiki (Main)	OpenRC/Legacy user services	https://wiki.gentoo.org/wiki/OpenRC/Legacy_user_services
Gentoo Wiki (Main)	OpenRC/Prefix	https://wiki.gentoo.org/wiki/OpenRC/Prefix
Gentoo Wiki (Main)	OpenRC/Stacked runlevel	https://wiki.gentoo.org/wiki/OpenRC/Stacked_runlevel
Gentoo Wiki (Main)	OpenRC/Users	https://wiki.gentoo.org/wiki/OpenRC/Users
Gentoo Wiki (Main)	OpenRC/openrc-init	https://wiki.gentoo.org/wiki/OpenRC/openrc-init
Gentoo Wiki (Main)	OpenRC/supervise-daemon	https://wiki.gentoo.org/wiki/OpenRC/supervise-daemon
Gentoo Wiki (Main)	OpenRC notebook roaming How-To	https://wiki.gentoo.org/wiki/OpenRC_notebook_roaming_How-To
Gentoo Wiki (Main)	OpenRC to systemd Cheatsheet	https://wiki.gentoo.org/wiki/OpenRC_to_systemd_Cheatsheet
Gentoo Wiki (Main)	OpenRazer	https://wiki.gentoo.org/wiki/OpenRazer
Gentoo Wiki (Main)	OpenRheinRuhr 2016	https://wiki.gentoo.org/wiki/OpenRheinRuhr_2016
Gentoo Wiki (Main)	OpenShot	https://wiki.gentoo.org/wiki/OpenShot
Gentoo Wiki (Main)	OpenVPN	https://wiki.gentoo.org/wiki/OpenVPN
Gentoo Wiki (Main)	OpenVPN/fingerprint-authentication	https://wiki.gentoo.org/wiki/OpenVPN/fingerprint-authentication
Gentoo Wiki (Main)	OpenVZ	https://wiki.gentoo.org/wiki/OpenVZ
Gentoo Wiki (Main)	Open Firmware	https://wiki.gentoo.org/wiki/Open_Firmware
Gentoo Wiki (Main)	Open Sound System (OSS)	https://wiki.gentoo.org/wiki/Open_Sound_System_(OSS)
Gentoo Wiki (Main)	Openbox	https://wiki.gentoo.org/wiki/Openbox
Gentoo Wiki (Main)	Openbox/Guide	https://wiki.gentoo.org/wiki/Openbox/Guide
Gentoo Wiki (Main)	Openrc-init and supervise-daemon	https://wiki.gentoo.org/wiki/Openrc-init_and_supervise-daemon
Gentoo Wiki (Main)	Openstack	https://wiki.gentoo.org/wiki/Openstack
Gentoo Wiki (Main)	Opera	https://wiki.gentoo.org/wiki/Opera
Gentoo Wiki (Main)	Optfeature	https://wiki.gentoo.org/wiki/Optfeature
Gentoo Wiki (Main)	Optimize projects for distribution	https://wiki.gentoo.org/wiki/Optimize_projects_for_distribution
Gentoo Wiki (Main)	Orange Pi PC	https://wiki.gentoo.org/wiki/Orange_Pi_PC
Gentoo Wiki (Main)	Orange Pi PC/Quick Start	https://wiki.gentoo.org/wiki/Orange_Pi_PC/Quick_Start
Gentoo Wiki (Main)	Orange Pi Plus2	https://wiki.gentoo.org/wiki/Orange_Pi_Plus2
Gentoo Wiki (Main)	Orange Pi zero	https://wiki.gentoo.org/wiki/Orange_Pi_zero
Gentoo Wiki (Main)	Ostree rootfs	https://wiki.gentoo.org/wiki/Ostree_rootfs
Gentoo Wiki (Main)	Osu!lazer	https://wiki.gentoo.org/wiki/Osu!lazer
Gentoo Wiki (Main)	Outdated libtool	https://wiki.gentoo.org/wiki/Outdated_libtool
Gentoo Wiki (Main)	Overgrowth	https://wiki.gentoo.org/wiki/Overgrowth
Gentoo Wiki (Main)	OverlayFS	https://wiki.gentoo.org/wiki/OverlayFS
Gentoo Wiki (Main)	Owncloud	https://wiki.gentoo.org/wiki/Owncloud
Gentoo Wiki (Main)	P7zip	https://wiki.gentoo.org/wiki/P7zip
Gentoo Wiki (Main)	PAM	https://wiki.gentoo.org/wiki/PAM
Gentoo Wiki (Main)	PAM/U2F	https://wiki.gentoo.org/wiki/PAM/U2F
Gentoo Wiki (Main)	PAM securetty	https://wiki.gentoo.org/wiki/PAM_securetty
Gentoo Wiki (Main)	PC-Card	https://wiki.gentoo.org/wiki/PC-Card
Gentoo Wiki (Main)	PCManFM	https://wiki.gentoo.org/wiki/PCManFM
Gentoo Wiki (Main)	PCSC-Lite	https://wiki.gentoo.org/wiki/PCSC-Lite
Gentoo Wiki (Main)	PCSX2	https://wiki.gentoo.org/wiki/PCSX2
Gentoo Wiki (Main)	PCSpecialist Optimus XI	https://wiki.gentoo.org/wiki/PCSpecialist_Optimus_XI
Gentoo Wiki (Main)	PC Boot Process	https://wiki.gentoo.org/wiki/PC_Boot_Process
Gentoo Wiki (Main)	PC speaker	https://wiki.gentoo.org/wiki/PC_speaker
Gentoo Wiki (Main)	PHP	https://wiki.gentoo.org/wiki/PHP
Gentoo Wiki (Main)	PHP/Upgrading to PHP 5.6	https://wiki.gentoo.org/wiki/PHP/Upgrading_to_PHP_5.6
Gentoo Wiki (Main)	PHP/Upgrading to PHP 7.1	https://wiki.gentoo.org/wiki/PHP/Upgrading_to_PHP_7.1
Gentoo Wiki (Main)	PINE64 PinePhone	https://wiki.gentoo.org/wiki/PINE64_PinePhone
Gentoo Wiki (Main)	PINE64 PinePhone Pro	https://wiki.gentoo.org/wiki/PINE64_PinePhone_Pro
Gentoo Wiki (Main)	PINE64 ROCKPro64	https://wiki.gentoo.org/wiki/PINE64_ROCKPro64
Gentoo Wiki (Main)	PINE64 ROCKPro64/Installing Gentoo	https://wiki.gentoo.org/wiki/PINE64_ROCKPro64/Installing_Gentoo
Gentoo Wiki (Main)	PINE64 ROCKPro64/Installing U-Boot	https://wiki.gentoo.org/wiki/PINE64_ROCKPro64/Installing_U-Boot
Gentoo Wiki (Main)	PKGDIR	https://wiki.gentoo.org/wiki/PKGDIR
Gentoo Wiki (Main)	PORTDIR	https://wiki.gentoo.org/wiki/PORTDIR
Gentoo Wiki (Main)	POSIX	https://wiki.gentoo.org/wiki/POSIX
Gentoo Wiki (Main)	PPC	https://wiki.gentoo.org/wiki/PPC
Gentoo Wiki (Main)	PPC/FAQ	https://wiki.gentoo.org/wiki/PPC/FAQ
Gentoo Wiki (Main)	PPP	https://wiki.gentoo.org/wiki/PPP
Gentoo Wiki (Main)	PPTP	https://wiki.gentoo.org/wiki/PPTP
Gentoo Wiki (Main)	PRoot	https://wiki.gentoo.org/wiki/PRoot
Gentoo Wiki (Main)	PXE	https://wiki.gentoo.org/wiki/PXE
Gentoo Wiki (Main)	Pacemaker	https://wiki.gentoo.org/wiki/Pacemaker
Gentoo Wiki (Main)	Package Manager Specification	https://wiki.gentoo.org/wiki/Package_Manager_Specification
Gentoo Wiki (Main)	Package maintainer's responsibilities	https://wiki.gentoo.org/wiki/Package_maintainer%27s_responsibilities
Gentoo Wiki (Main)	Package sets	https://wiki.gentoo.org/wiki/Package_sets
Gentoo Wiki (Main)	Package testing	https://wiki.gentoo.org/wiki/Package_testing
Gentoo Wiki (Main)	Packages.gentoo.org	https://wiki.gentoo.org/wiki/Packages.gentoo.org
Gentoo Wiki (Main)	Packard Bell DOT SE (PAV80)	https://wiki.gentoo.org/wiki/Packard_Bell_DOT_SE_(PAV80)
Gentoo Wiki (Main)	Pacvis	https://wiki.gentoo.org/wiki/Pacvis
Gentoo Wiki (Main)	Pager	https://wiki.gentoo.org/wiki/Pager
Gentoo Wiki (Main)	Paludis	https://wiki.gentoo.org/wiki/Paludis
Gentoo Wiki (Main)	Pam mount	https://wiki.gentoo.org/wiki/Pam_mount
Gentoo Wiki (Main)	Pam ssh agent auth	https://wiki.gentoo.org/wiki/Pam_ssh_agent_auth
Gentoo Wiki (Main)	Pandaboard	https://wiki.gentoo.org/wiki/Pandaboard
Gentoo Wiki (Main)	Pandoc	https://wiki.gentoo.org/wiki/Pandoc
Gentoo Wiki (Main)	Pantheon	https://wiki.gentoo.org/wiki/Pantheon
Gentoo Wiki (Main)	Parallella	https://wiki.gentoo.org/wiki/Parallella
Gentoo Wiki (Main)	Partition	https://wiki.gentoo.org/wiki/Partition
Gentoo Wiki (Main)	Pass	https://wiki.gentoo.org/wiki/Pass
Gentoo Wiki (Main)	Password management tools	https://wiki.gentoo.org/wiki/Password_management_tools
Gentoo Wiki (Main)	Pax	https://wiki.gentoo.org/wiki/Pax
Gentoo Wiki (Main)	Pciutils	https://wiki.gentoo.org/wiki/Pciutils
Gentoo Wiki (Main)	Pdfbox	https://wiki.gentoo.org/wiki/Pdfbox
Gentoo Wiki (Main)	Perf	https://wiki.gentoo.org/wiki/Perf
Gentoo Wiki (Main)	Perl	https://wiki.gentoo.org/wiki/Perl
Gentoo Wiki (Main)	Pfl	https://wiki.gentoo.org/wiki/Pfl
Gentoo Wiki (Main)	Pgo (disambiguation)	https://wiki.gentoo.org/wiki/Pgo_(disambiguation)
Gentoo Wiki (Main)	PhpBB	https://wiki.gentoo.org/wiki/PhpBB
Gentoo Wiki (Main)	PhpVirtualBox	https://wiki.gentoo.org/wiki/PhpVirtualBox
Gentoo Wiki (Main)	Pi Router	https://wiki.gentoo.org/wiki/Pi_Router
Gentoo Wiki (Main)	Picocom	https://wiki.gentoo.org/wiki/Picocom
Gentoo Wiki (Main)	Picom	https://wiki.gentoo.org/wiki/Picom
Gentoo Wiki (Main)	Pidgin	https://wiki.gentoo.org/wiki/Pidgin
Gentoo Wiki (Main)	Pimoroni Enviro pHAT	https://wiki.gentoo.org/wiki/Pimoroni_Enviro_pHAT
Gentoo Wiki (Main)	Pip	https://wiki.gentoo.org/wiki/Pip
Gentoo Wiki (Main)	PipeWire	https://wiki.gentoo.org/wiki/PipeWire
Gentoo Wiki (Main)	PipeWire/Microphone Noise Suppression	https://wiki.gentoo.org/wiki/PipeWire/Microphone_Noise_Suppression
Gentoo Wiki (Main)	PipeWire/extra	https://wiki.gentoo.org/wiki/PipeWire/extra
Gentoo Wiki (Main)	PipeWire/gentoo-pipewire-launcher	https://wiki.gentoo.org/wiki/PipeWire/gentoo-pipewire-launcher
Gentoo Wiki (Main)	PipeWire/troubleshooting	https://wiki.gentoo.org/wiki/PipeWire/troubleshooting
Gentoo Wiki (Main)	Piper	https://wiki.gentoo.org/wiki/Piper
Gentoo Wiki (Main)	Piwik	https://wiki.gentoo.org/wiki/Piwik
Gentoo Wiki (Main)	Pkg-config	https://wiki.gentoo.org/wiki/Pkg-config
Gentoo Wiki (Main)	Pkgcheck	https://wiki.gentoo.org/wiki/Pkgcheck
Gentoo Wiki (Main)	Pkgcore	https://wiki.gentoo.org/wiki/Pkgcore
Gentoo Wiki (Main)	Pkgcore/Configuration	https://wiki.gentoo.org/wiki/Pkgcore/Configuration
Gentoo Wiki (Main)	Pkgcraft	https://wiki.gentoo.org/wiki/Pkgcraft
Gentoo Wiki (Main)	Pkgdev	https://wiki.gentoo.org/wiki/Pkgdev
Gentoo Wiki (Main)	Play.it	https://wiki.gentoo.org/wiki/Play.it
Gentoo Wiki (Main)	Playstation2	https://wiki.gentoo.org/wiki/Playstation2
Gentoo Wiki (Main)	Plymouth	https://wiki.gentoo.org/wiki/Plymouth
Gentoo Wiki (Main)	Plymouth/Theme creation	https://wiki.gentoo.org/wiki/Plymouth/Theme_creation
Gentoo Wiki (Main)	Podget	https://wiki.gentoo.org/wiki/Podget
Gentoo Wiki (Main)	Podman	https://wiki.gentoo.org/wiki/Podman
Gentoo Wiki (Main)	Policy based routing	https://wiki.gentoo.org/wiki/Policy_based_routing
Gentoo Wiki (Main)	Polkit	https://wiki.gentoo.org/wiki/Polkit
Gentoo Wiki (Main)	Polkit/upgrade	https://wiki.gentoo.org/wiki/Polkit/upgrade
Gentoo Wiki (Main)	Pololu Maestro Servo Controller	https://wiki.gentoo.org/wiki/Pololu_Maestro_Servo_Controller
Gentoo Wiki (Main)	Polybar	https://wiki.gentoo.org/wiki/Polybar
Gentoo Wiki (Main)	PortSentry	https://wiki.gentoo.org/wiki/PortSentry
Gentoo Wiki (Main)	Portage	https://wiki.gentoo.org/wiki/Portage
Gentoo Wiki (Main)	Portage/Help	https://wiki.gentoo.org/wiki/Portage/Help
Gentoo Wiki (Main)	Portage/Help/Blockers	https://wiki.gentoo.org/wiki/Portage/Help/Blockers
Gentoo Wiki (Main)	Portage/Help/Circular dependencies	https://wiki.gentoo.org/wiki/Portage/Help/Circular_dependencies
Gentoo Wiki (Main)	Portage/Help/Java unmasking	https://wiki.gentoo.org/wiki/Portage/Help/Java_unmasking
Gentoo Wiki (Main)	Portage/Help/Maintaining a Gentoo system	https://wiki.gentoo.org/wiki/Portage/Help/Maintaining_a_Gentoo_system
Gentoo Wiki (Main)	Portage/Help/Migrating to new repository data locations	https://wiki.gentoo.org/wiki/Portage/Help/Migrating_to_new_repository_data_locations
Gentoo Wiki (Main)	Portage/Help/Ruby dependency conflicts	https://wiki.gentoo.org/wiki/Portage/Help/Ruby_dependency_conflicts
Gentoo Wiki (Main)	Portage/Help/Upgrade went wrong	https://wiki.gentoo.org/wiki/Portage/Help/Upgrade_went_wrong
Gentoo Wiki (Main)	Portage/Help/Upgrading Portage	https://wiki.gentoo.org/wiki/Portage/Help/Upgrading_Portage
Gentoo Wiki (Main)	Portage/Profiles	https://wiki.gentoo.org/wiki/Portage/Profiles
Gentoo Wiki (Main)	Portage/Profiles/Custom profiles	https://wiki.gentoo.org/wiki/Portage/Profiles/Custom_profiles
Gentoo Wiki (Main)	Portage/Profiles/SectionBox	https://wiki.gentoo.org/wiki/Portage/Profiles/SectionBox
Gentoo Wiki (Main)	Portage/Profiles/Structure	https://wiki.gentoo.org/wiki/Portage/Profiles/Structure
Gentoo Wiki (Main)	Portage/Profiles/Switching profiles	https://wiki.gentoo.org/wiki/Portage/Profiles/Switching_profiles
Gentoo Wiki (Main)	Portage/Uninstall Package	https://wiki.gentoo.org/wiki/Portage/Uninstall_Package
Gentoo Wiki (Main)	Portage/niceness	https://wiki.gentoo.org/wiki/Portage/niceness
Gentoo Wiki (Main)	Portage Multi Stage Dockerfile	https://wiki.gentoo.org/wiki/Portage_Multi_Stage_Dockerfile
Gentoo Wiki (Main)	Portage Prefix Python Venv Usr Local Multi Distro	https://wiki.gentoo.org/wiki/Portage_Prefix_Python_Venv_Usr_Local_Multi_Distro
Gentoo Wiki (Main)	Portage Security	https://wiki.gentoo.org/wiki/Portage_Security
Gentoo Wiki (Main)	Portage TMPDIR on tmpfs	https://wiki.gentoo.org/wiki/Portage_TMPDIR_on_tmpfs
Gentoo Wiki (Main)	Portage log	https://wiki.gentoo.org/wiki/Portage_log
Gentoo Wiki (Main)	Portage with Git	https://wiki.gentoo.org/wiki/Portage_with_Git
Gentoo Wiki (Main)	Portageq	https://wiki.gentoo.org/wiki/Portageq
Gentoo Wiki (Main)	Porting	https://wiki.gentoo.org/wiki/Porting
Gentoo Wiki (Main)	Postfix	https://wiki.gentoo.org/wiki/Postfix
Gentoo Wiki (Main)	Postfix/Blacklisting	https://wiki.gentoo.org/wiki/Postfix/Blacklisting
Gentoo Wiki (Main)	Postfix/DCC	https://wiki.gentoo.org/wiki/Postfix/DCC
Gentoo Wiki (Main)	Postfix/DKIM	https://wiki.gentoo.org/wiki/Postfix/DKIM
Gentoo Wiki (Main)	Postfix/DMARC	https://wiki.gentoo.org/wiki/Postfix/DMARC
Gentoo Wiki (Main)	Postfix/Greylisting	https://wiki.gentoo.org/wiki/Postfix/Greylisting
Gentoo Wiki (Main)	Postfix/Miscellaneous anti-spam measures	https://wiki.gentoo.org/wiki/Postfix/Miscellaneous_anti-spam_measures
Gentoo Wiki (Main)	Postfix/SPF	https://wiki.gentoo.org/wiki/Postfix/SPF
Gentoo Wiki (Main)	Postfix/policyd-weight	https://wiki.gentoo.org/wiki/Postfix/policyd-weight
Gentoo Wiki (Main)	PostgreSQL	https://wiki.gentoo.org/wiki/PostgreSQL
Gentoo Wiki (Main)	PostgreSQL/QuickStart	https://wiki.gentoo.org/wiki/PostgreSQL/QuickStart
Gentoo Wiki (Main)	PowerBook4,1	https://wiki.gentoo.org/wiki/PowerBook4,1
Gentoo Wiki (Main)	PowerShell	https://wiki.gentoo.org/wiki/PowerShell
Gentoo Wiki (Main)	PowerTOP	https://wiki.gentoo.org/wiki/PowerTOP
Gentoo Wiki (Main)	Power management	https://wiki.gentoo.org/wiki/Power_management
Gentoo Wiki (Main)	Power management/Bluetooth	https://wiki.gentoo.org/wiki/Power_management/Bluetooth
Gentoo Wiki (Main)	Power management/Disk	https://wiki.gentoo.org/wiki/Power_management/Disk
Gentoo Wiki (Main)	Power management/Ethernet	https://wiki.gentoo.org/wiki/Power_management/Ethernet
Gentoo Wiki (Main)	Power management/Guide	https://wiki.gentoo.org/wiki/Power_management/Guide
Gentoo Wiki (Main)	Power management/Hardware Acceleration	https://wiki.gentoo.org/wiki/Power_management/Hardware_Acceleration
Gentoo Wiki (Main)	Power management/PCI	https://wiki.gentoo.org/wiki/Power_management/PCI
Gentoo Wiki (Main)	Power management/Processor	https://wiki.gentoo.org/wiki/Power_management/Processor
Gentoo Wiki (Main)	Power management/Soundcard	https://wiki.gentoo.org/wiki/Power_management/Soundcard
Gentoo Wiki (Main)	Power management/USB	https://wiki.gentoo.org/wiki/Power_management/USB
Gentoo Wiki (Main)	Power management/Wi-Fi	https://wiki.gentoo.org/wiki/Power_management/Wi-Fi
Gentoo Wiki (Main)	Powerlevel10k	https://wiki.gentoo.org/wiki/Powerlevel10k
Gentoo Wiki (Main)	Powerlevel9k	https://wiki.gentoo.org/wiki/Powerlevel9k
Gentoo Wiki (Main)	Practical guide to the GLEP 81 migration	https://wiki.gentoo.org/wiki/Practical_guide_to_the_GLEP_81_migration
Gentoo Wiki (Main)	Practical jokes	https://wiki.gentoo.org/wiki/Practical_jokes
Gentoo Wiki (Main)	Prefix	https://wiki.gentoo.org/wiki/Prefix
Gentoo Wiki (Main)	Prefix/CJK	https://wiki.gentoo.org/wiki/Prefix/CJK
Gentoo Wiki (Main)	Prefix/Cygwin	https://wiki.gentoo.org/wiki/Prefix/Cygwin
Gentoo Wiki (Main)	Prefix/Cygwin/X	https://wiki.gentoo.org/wiki/Prefix/Cygwin/X
Gentoo Wiki (Main)	Prefix/Darwin	https://wiki.gentoo.org/wiki/Prefix/Darwin
Gentoo Wiki (Main)	Prefix/NetBSD	https://wiki.gentoo.org/wiki/Prefix/NetBSD
Gentoo Wiki (Main)	Prefix/libc	https://wiki.gentoo.org/wiki/Prefix/libc
Gentoo Wiki (Main)	Prefix/tested	https://wiki.gentoo.org/wiki/Prefix/tested
Gentoo Wiki (Main)	Prelink	https://wiki.gentoo.org/wiki/Prelink
Gentoo Wiki (Main)	Preserve-libs	https://wiki.gentoo.org/wiki/Preserve-libs
Gentoo Wiki (Main)	Preserved-rebuild	https://wiki.gentoo.org/wiki/Preserved-rebuild
Gentoo Wiki (Main)	Printer mfcj6710dw	https://wiki.gentoo.org/wiki/Printer_mfcj6710dw
Gentoo Wiki (Main)	Printing	https://wiki.gentoo.org/wiki/Printing
Gentoo Wiki (Main)	Printing/Standards	https://wiki.gentoo.org/wiki/Printing/Standards
Gentoo Wiki (Main)	Printing/lpinfo	https://wiki.gentoo.org/wiki/Printing/lpinfo
Gentoo Wiki (Main)	Privoxy	https://wiki.gentoo.org/wiki/Privoxy
Gentoo Wiki (Main)	ProFTPD	https://wiki.gentoo.org/wiki/ProFTPD
Gentoo Wiki (Main)	Process supervision	https://wiki.gentoo.org/wiki/Process_supervision
Gentoo Wiki (Main)	Procfs	https://wiki.gentoo.org/wiki/Procfs
Gentoo Wiki (Main)	Procmail	https://wiki.gentoo.org/wiki/Procmail
Gentoo Wiki (Main)	Proctors (project archive)	https://wiki.gentoo.org/wiki/Proctors_(project_archive)
Gentoo Wiki (Main)	Profile set (Portage)	https://wiki.gentoo.org/wiki/Profile_set_(Portage)
Gentoo Wiki (Main)	Proxied Maintainer FAQ	https://wiki.gentoo.org/wiki/Proxied_Maintainer_FAQ
Gentoo Wiki (Main)	ProxyAutoConfig	https://wiki.gentoo.org/wiki/ProxyAutoConfig
Gentoo Wiki (Main)	Proxychains	https://wiki.gentoo.org/wiki/Proxychains
Gentoo Wiki (Main)	Ps	https://wiki.gentoo.org/wiki/Ps
Gentoo Wiki (Main)	Psh	https://wiki.gentoo.org/wiki/Psh
Gentoo Wiki (Main)	Ptyxis	https://wiki.gentoo.org/wiki/Ptyxis
Gentoo Wiki (Main)	Public-key cryptography	https://wiki.gentoo.org/wiki/Public-key_cryptography
Gentoo Wiki (Main)	PulseAudio	https://wiki.gentoo.org/wiki/PulseAudio
Gentoo Wiki (Main)	PulseAudio/troubleshooting	https://wiki.gentoo.org/wiki/PulseAudio/troubleshooting
Gentoo Wiki (Main)	Puppet	https://wiki.gentoo.org/wiki/Puppet
Gentoo Wiki (Main)	Puppet module for Gentoo	https://wiki.gentoo.org/wiki/Puppet_module_for_Gentoo
Gentoo Wiki (Main)	Pv	https://wiki.gentoo.org/wiki/Pv
Gentoo Wiki (Main)	PyCharm Community Edition	https://wiki.gentoo.org/wiki/PyCharm_Community_Edition
Gentoo Wiki (Main)	Pybugz	https://wiki.gentoo.org/wiki/Pybugz
Gentoo Wiki (Main)	Python	https://wiki.gentoo.org/wiki/Python
Gentoo Wiki (Main)	QBittorrent	https://wiki.gentoo.org/wiki/QBittorrent
Gentoo Wiki (Main)	QEMU	https://wiki.gentoo.org/wiki/QEMU
Gentoo Wiki (Main)	QEMU/Files	https://wiki.gentoo.org/wiki/QEMU/Files
Gentoo Wiki (Main)	QEMU/Front-ends	https://wiki.gentoo.org/wiki/QEMU/Front-ends
Gentoo Wiki (Main)	QEMU/Guest	https://wiki.gentoo.org/wiki/QEMU/Guest
Gentoo Wiki (Main)	QEMU/Guest/CLI approach	https://wiki.gentoo.org/wiki/QEMU/Guest/CLI_approach
Gentoo Wiki (Main)	QEMU/Guest/GUI approach	https://wiki.gentoo.org/wiki/QEMU/Guest/GUI_approach
Gentoo Wiki (Main)	QEMU/Guest/Gentoo Linux	https://wiki.gentoo.org/wiki/QEMU/Guest/Gentoo_Linux
Gentoo Wiki (Main)	QEMU/Guest/HPPA	https://wiki.gentoo.org/wiki/QEMU/Guest/HPPA
Gentoo Wiki (Main)	QEMU/Guest/OS2WarpV3	https://wiki.gentoo.org/wiki/QEMU/Guest/OS2WarpV3
Gentoo Wiki (Main)	QEMU/Guest/RISC-V	https://wiki.gentoo.org/wiki/QEMU/Guest/RISC-V
Gentoo Wiki (Main)	QEMU/Guest/Windows 10	https://wiki.gentoo.org/wiki/QEMU/Guest/Windows_10
Gentoo Wiki (Main)	QEMU/Guest/Windows 11	https://wiki.gentoo.org/wiki/QEMU/Guest/Windows_11
Gentoo Wiki (Main)	QEMU/Guest/Windows XP	https://wiki.gentoo.org/wiki/QEMU/Guest/Windows_XP
Gentoo Wiki (Main)	QEMU/Host	https://wiki.gentoo.org/wiki/QEMU/Host
Gentoo Wiki (Main)	QEMU/Linux guest	https://wiki.gentoo.org/wiki/QEMU/Linux_guest
Gentoo Wiki (Main)	QEMU/Networking	https://wiki.gentoo.org/wiki/QEMU/Networking
Gentoo Wiki (Main)	QEMU/Networking/Bridge with Wifi Routing	https://wiki.gentoo.org/wiki/QEMU/Networking/Bridge_with_Wifi_Routing
Gentoo Wiki (Main)	QEMU/Networking/KVM IPv6 Support	https://wiki.gentoo.org/wiki/QEMU/Networking/KVM_IPv6_Support
Gentoo Wiki (Main)	QEMU/Networking/Open vSwitch network	https://wiki.gentoo.org/wiki/QEMU/Networking/Open_vSwitch_network
Gentoo Wiki (Main)	QEMU/Networking/User-mode	https://wiki.gentoo.org/wiki/QEMU/Networking/User-mode
Gentoo Wiki (Main)	QEMU/Networking/passt	https://wiki.gentoo.org/wiki/QEMU/Networking/passt
Gentoo Wiki (Main)	QEMU/Options	https://wiki.gentoo.org/wiki/QEMU/Options
Gentoo Wiki (Main)	QEMU/User	https://wiki.gentoo.org/wiki/QEMU/User
Gentoo Wiki (Main)	QEMU/VirGL	https://wiki.gentoo.org/wiki/QEMU/VirGL
Gentoo Wiki (Main)	QEMU/troubleshooting	https://wiki.gentoo.org/wiki/QEMU/troubleshooting
Gentoo Wiki (Main)	QNAP TS-433	https://wiki.gentoo.org/wiki/QNAP_TS-433
Gentoo Wiki (Main)	Q applets	https://wiki.gentoo.org/wiki/Q_applets
Gentoo Wiki (Main)	Qalculate	https://wiki.gentoo.org/wiki/Qalculate
Gentoo Wiki (Main)	Qcow2 bootable images	https://wiki.gentoo.org/wiki/Qcow2_bootable_images
Gentoo Wiki (Main)	Qemu-img	https://wiki.gentoo.org/wiki/Qemu-img
Gentoo Wiki (Main)	Qingy	https://wiki.gentoo.org/wiki/Qingy
Gentoo Wiki (Main)	Qmail	https://wiki.gentoo.org/wiki/Qmail
Gentoo Wiki (Main)	Qman	https://wiki.gentoo.org/wiki/Qman
Gentoo Wiki (Main)	Qsynth	https://wiki.gentoo.org/wiki/Qsynth
Gentoo Wiki (Main)	Qt	https://wiki.gentoo.org/wiki/Qt
Gentoo Wiki (Main)	Qt/troubleshooting	https://wiki.gentoo.org/wiki/Qt/troubleshooting
Gentoo Wiki (Main)	QtWebEngine	https://wiki.gentoo.org/wiki/QtWebEngine
Gentoo Wiki (Main)	Qt Desktop applications	https://wiki.gentoo.org/wiki/Qt_Desktop_applications
Gentoo Wiki (Main)	Qtile	https://wiki.gentoo.org/wiki/Qtile
Gentoo Wiki (Main)	Qualcomm Atheros QCA6174	https://wiki.gentoo.org/wiki/Qualcomm_Atheros_QCA6174
Gentoo Wiki (Main)	Quassel	https://wiki.gentoo.org/wiki/Quassel
Gentoo Wiki (Main)	Quick Installation Checklist	https://wiki.gentoo.org/wiki/Quick_Installation_Checklist
Gentoo Wiki (Main)	Qutebrowser	https://wiki.gentoo.org/wiki/Qutebrowser
Gentoo Wiki (Main)	R	https://wiki.gentoo.org/wiki/R
Gentoo Wiki (Main)	REAPER	https://wiki.gentoo.org/wiki/REAPER
Gentoo Wiki (Main)	REFInd	https://wiki.gentoo.org/wiki/REFInd
Gentoo Wiki (Main)	RHVoice	https://wiki.gentoo.org/wiki/RHVoice
Gentoo Wiki (Main)	RISC-V ABIs	https://wiki.gentoo.org/wiki/RISC-V_ABIs
Gentoo Wiki (Main)	RISC-V Multilib	https://wiki.gentoo.org/wiki/RISC-V_Multilib
Gentoo Wiki (Main)	RISC-V hardware list	https://wiki.gentoo.org/wiki/RISC-V_hardware_list
Gentoo Wiki (Main)	ROCm	https://wiki.gentoo.org/wiki/ROCm
Gentoo Wiki (Main)	ROCm packaging history	https://wiki.gentoo.org/wiki/ROCm_packaging_history
Gentoo Wiki (Main)	ROG Zephyrus G14 (2022) GA402	https://wiki.gentoo.org/wiki/ROG_Zephyrus_G14_(2022)_GA402
Gentoo Wiki (Main)	ROS	https://wiki.gentoo.org/wiki/ROS
Gentoo Wiki (Main)	RPM	https://wiki.gentoo.org/wiki/RPM
Gentoo Wiki (Main)	RSBAC/Overview	https://wiki.gentoo.org/wiki/RSBAC/Overview
Gentoo Wiki (Main)	RSBAC/Quickstart	https://wiki.gentoo.org/wiki/RSBAC/Quickstart
Gentoo Wiki (Main)	RTorrent	https://wiki.gentoo.org/wiki/RTorrent
Gentoo Wiki (Main)	Racket	https://wiki.gentoo.org/wiki/Racket
Gentoo Wiki (Main)	Radeon	https://wiki.gentoo.org/wiki/Radeon
Gentoo Wiki (Main)	RadeonProRenderSDK	https://wiki.gentoo.org/wiki/RadeonProRenderSDK
Gentoo Wiki (Main)	Raid1 with LVM from scratch	https://wiki.gentoo.org/wiki/Raid1_with_LVM_from_scratch
Gentoo Wiki (Main)	Rails	https://wiki.gentoo.org/wiki/Rails
Gentoo Wiki (Main)	Raku	https://wiki.gentoo.org/wiki/Raku
Gentoo Wiki (Main)	Rakudo	https://wiki.gentoo.org/wiki/Rakudo
Gentoo Wiki (Main)	Ranger	https://wiki.gentoo.org/wiki/Ranger
Gentoo Wiki (Main)	Raspberry Pi	https://wiki.gentoo.org/wiki/Raspberry_Pi
Gentoo Wiki (Main)	Raspberry Pi/ARM64 in place installation	https://wiki.gentoo.org/wiki/Raspberry_Pi/ARM64_in_place_installation
Gentoo Wiki (Main)	Raspberry Pi/Cross building	https://wiki.gentoo.org/wiki/Raspberry_Pi/Cross_building
Gentoo Wiki (Main)	Raspberry Pi/Install	https://wiki.gentoo.org/wiki/Raspberry_Pi/Install
Gentoo Wiki (Main)	Raspberry Pi/Installation	https://wiki.gentoo.org/wiki/Raspberry_Pi/Installation
Gentoo Wiki (Main)	Raspberry Pi/Kernel Compilation	https://wiki.gentoo.org/wiki/Raspberry_Pi/Kernel_Compilation
Gentoo Wiki (Main)	Raspberry Pi/Mainline Kernel	https://wiki.gentoo.org/wiki/Raspberry_Pi/Mainline_Kernel
Gentoo Wiki (Main)	Raspberry Pi/Minimal musl+busybox cross building	https://wiki.gentoo.org/wiki/Raspberry_Pi/Minimal_musl%2Bbusybox_cross_building
Gentoo Wiki (Main)	Raspberry Pi/Quick Install Guide	https://wiki.gentoo.org/wiki/Raspberry_Pi/Quick_Install_Guide
Gentoo Wiki (Main)	Raspberry Pi4 64 Bit Install	https://wiki.gentoo.org/wiki/Raspberry_Pi4_64_Bit_Install
Gentoo Wiki (Main)	Raspberry Pi 3 64 bit Install	https://wiki.gentoo.org/wiki/Raspberry_Pi_3_64_bit_Install
Gentoo Wiki (Main)	Raspberry Pi Install Guide	https://wiki.gentoo.org/wiki/Raspberry_Pi_Install_Guide
Gentoo Wiki (Main)	Raspberry Pi Install Guide/Exposing the eMMC	https://wiki.gentoo.org/wiki/Raspberry_Pi_Install_Guide/Exposing_the_eMMC
Gentoo Wiki (Main)	Raspberry Pi Install Guide/HintsandTips	https://wiki.gentoo.org/wiki/Raspberry_Pi_Install_Guide/HintsandTips
Gentoo Wiki (Main)	Raspberry Pi Install Guide/Pi5	https://wiki.gentoo.org/wiki/Raspberry_Pi_Install_Guide/Pi5
Gentoo Wiki (Main)	Raspberry Pi Install Guide/Pi Booting	https://wiki.gentoo.org/wiki/Raspberry_Pi_Install_Guide/Pi_Booting
Gentoo Wiki (Main)	Raspberry Pi Install Guide/Preparing the disks	https://wiki.gentoo.org/wiki/Raspberry_Pi_Install_Guide/Preparing_the_disks
Gentoo Wiki (Main)	Raspberry Pi Install Guide/Raspberry Pi GPIO	https://wiki.gentoo.org/wiki/Raspberry_Pi_Install_Guide/Raspberry_Pi_GPIO
Gentoo Wiki (Main)	Raspberry Pi Serial Ports	https://wiki.gentoo.org/wiki/Raspberry_Pi_Serial_Ports
Gentoo Wiki (Main)	Raspberry Pi Stratum 1 Time Server	https://wiki.gentoo.org/wiki/Raspberry_Pi_Stratum_1_Time_Server
Gentoo Wiki (Main)	Raspberry Pi VC4	https://wiki.gentoo.org/wiki/Raspberry_Pi_VC4
Gentoo Wiki (Main)	Ratbagd	https://wiki.gentoo.org/wiki/Ratbagd
Gentoo Wiki (Main)	Ratpoison	https://wiki.gentoo.org/wiki/Ratpoison
Gentoo Wiki (Main)	Razer Blade Pro (2019)	https://wiki.gentoo.org/wiki/Razer_Blade_Pro_(2019)
Gentoo Wiki (Main)	Rc	https://wiki.gentoo.org/wiki/Rc
Gentoo Wiki (Main)	Rdiff-backup	https://wiki.gentoo.org/wiki/Rdiff-backup
Gentoo Wiki (Main)	ReText	https://wiki.gentoo.org/wiki/ReText
Gentoo Wiki (Main)	Rebel NetWinder	https://wiki.gentoo.org/wiki/Rebel_NetWinder
Gentoo Wiki (Main)	Recommended applications	https://wiki.gentoo.org/wiki/Recommended_applications
Gentoo Wiki (Main)	Recommended tools	https://wiki.gentoo.org/wiki/Recommended_tools
Gentoo Wiki (Main)	Red Eclipse	https://wiki.gentoo.org/wiki/Red_Eclipse
Gentoo Wiki (Main)	Redshift	https://wiki.gentoo.org/wiki/Redshift
Gentoo Wiki (Main)	Regenworld	https://wiki.gentoo.org/wiki/Regenworld
Gentoo Wiki (Main)	ReiserFS	https://wiki.gentoo.org/wiki/ReiserFS
Gentoo Wiki (Main)	Remmina	https://wiki.gentoo.org/wiki/Remmina
Gentoo Wiki (Main)	Remote desktop	https://wiki.gentoo.org/wiki/Remote_desktop
Gentoo Wiki (Main)	Removable media	https://wiki.gentoo.org/wiki/Removable_media
Gentoo Wiki (Main)	Replace a Linux installation with Gentoo in-place	https://wiki.gentoo.org/wiki/Replace_a_Linux_installation_with_Gentoo_in-place
Gentoo Wiki (Main)	Repoman	https://wiki.gentoo.org/wiki/Repoman
Gentoo Wiki (Main)	Repository format	https://wiki.gentoo.org/wiki/Repository_format
Gentoo Wiki (Main)	Repository format/metadata/layout.conf	https://wiki.gentoo.org/wiki/Repository_format/metadata/layout.conf
Gentoo Wiki (Main)	Repository format/package/Manifest	https://wiki.gentoo.org/wiki/Repository_format/package/Manifest
Gentoo Wiki (Main)	Repository format/package/metadata.xml	https://wiki.gentoo.org/wiki/Repository_format/package/metadata.xml
Gentoo Wiki (Main)	Repository format/profiles/repo name	https://wiki.gentoo.org/wiki/Repository_format/profiles/repo_name
Gentoo Wiki (Main)	Request Tracker	https://wiki.gentoo.org/wiki/Request_Tracker
Gentoo Wiki (Main)	Request Tracker/Password reset	https://wiki.gentoo.org/wiki/Request_Tracker/Password_reset
Gentoo Wiki (Main)	Required USE flags	https://wiki.gentoo.org/wiki/Required_USE_flags
Gentoo Wiki (Main)	Research	https://wiki.gentoo.org/wiki/Research
Gentoo Wiki (Main)	Resolv.conf	https://wiki.gentoo.org/wiki/Resolv.conf
Gentoo Wiki (Main)	Restic	https://wiki.gentoo.org/wiki/Restic
Gentoo Wiki (Main)	Restic/S3 Backup	https://wiki.gentoo.org/wiki/Restic/S3_Backup
Gentoo Wiki (Main)	RetroArch	https://wiki.gentoo.org/wiki/RetroArch
Gentoo Wiki (Main)	RetroShare	https://wiki.gentoo.org/wiki/RetroShare
Gentoo Wiki (Main)	Revision bump	https://wiki.gentoo.org/wiki/Revision_bump
Gentoo Wiki (Main)	Rex	https://wiki.gentoo.org/wiki/Rex
Gentoo Wiki (Main)	Ripgrep	https://wiki.gentoo.org/wiki/Ripgrep
Gentoo Wiki (Main)	River	https://wiki.gentoo.org/wiki/River
Gentoo Wiki (Main)	Rocket league	https://wiki.gentoo.org/wiki/Rocket_league
Gentoo Wiki (Main)	Rocprofiler	https://wiki.gentoo.org/wiki/Rocprofiler
Gentoo Wiki (Main)	Rootfs encryption	https://wiki.gentoo.org/wiki/Rootfs_encryption
Gentoo Wiki (Main)	Rosegarden	https://wiki.gentoo.org/wiki/Rosegarden
Gentoo Wiki (Main)	Rr	https://wiki.gentoo.org/wiki/Rr
Gentoo Wiki (Main)	Rsnapshot	https://wiki.gentoo.org/wiki/Rsnapshot
Gentoo Wiki (Main)	Rsync	https://wiki.gentoo.org/wiki/Rsync
Gentoo Wiki (Main)	Rsyslog	https://wiki.gentoo.org/wiki/Rsyslog
Gentoo Wiki (Main)	Rtl-sdr	https://wiki.gentoo.org/wiki/Rtl-sdr
Gentoo Wiki (Main)	Ru:Rsyslog	https://wiki.gentoo.org/wiki/Ru:Rsyslog
Gentoo Wiki (Main)	Ruby	https://wiki.gentoo.org/wiki/Ruby
Gentoo Wiki (Main)	Runit	https://wiki.gentoo.org/wiki/Runit
Gentoo Wiki (Main)	Running X on a Logitech G19 LCD	https://wiki.gentoo.org/wiki/Running_X_on_a_Logitech_G19_LCD
Gentoo Wiki (Main)	Runtime Powermanagement	https://wiki.gentoo.org/wiki/Runtime_Powermanagement
Gentoo Wiki (Main)	Rust	https://wiki.gentoo.org/wiki/Rust
Gentoo Wiki (Main)	Rust x86 without SSE2	https://wiki.gentoo.org/wiki/Rust_x86_without_SSE2
Gentoo Wiki (Main)	Rxvt-unicode	https://wiki.gentoo.org/wiki/Rxvt-unicode
Gentoo Wiki (Main)	Rygel	https://wiki.gentoo.org/wiki/Rygel
Gentoo Wiki (Main)	Ryzen	https://wiki.gentoo.org/wiki/Ryzen
Gentoo Wiki (Main)	S390	https://wiki.gentoo.org/wiki/S390
Gentoo Wiki (Main)	S390/Hercules	https://wiki.gentoo.org/wiki/S390/Hercules
Gentoo Wiki (Main)	S390/Install	https://wiki.gentoo.org/wiki/S390/Install
Gentoo Wiki (Main)	S390/z/VM tips and tricks	https://wiki.gentoo.org/wiki/S390/z/VM_tips_and_tricks
Gentoo Wiki (Main)	S6	https://wiki.gentoo.org/wiki/S6
Gentoo Wiki (Main)	S6-linux-init (package)	https://wiki.gentoo.org/wiki/S6-linux-init_(package)
Gentoo Wiki (Main)	S6-rc	https://wiki.gentoo.org/wiki/S6-rc
Gentoo Wiki (Main)	S6/File descriptor holder	https://wiki.gentoo.org/wiki/S6/File_descriptor_holder
Gentoo Wiki (Main)	S6/UNIX domain super-server	https://wiki.gentoo.org/wiki/S6/UNIX_domain_super-server
Gentoo Wiki (Main)	S6/examples	https://wiki.gentoo.org/wiki/S6/examples
Gentoo Wiki (Main)	S6 and s6-rc-based init system	https://wiki.gentoo.org/wiki/S6_and_s6-rc-based_init_system
Gentoo Wiki (Main)	SANE	https://wiki.gentoo.org/wiki/SANE
Gentoo Wiki (Main)	SCAP	https://wiki.gentoo.org/wiki/SCAP
Gentoo Wiki (Main)	SCP	https://wiki.gentoo.org/wiki/SCP
Gentoo Wiki (Main)	SCons	https://wiki.gentoo.org/wiki/SCons
Gentoo Wiki (Main)	SDCard	https://wiki.gentoo.org/wiki/SDCard
Gentoo Wiki (Main)	SDDM	https://wiki.gentoo.org/wiki/SDDM
Gentoo Wiki (Main)	SELinux	https://wiki.gentoo.org/wiki/SELinux
Gentoo Wiki (Main)	SELinux/Booleans	https://wiki.gentoo.org/wiki/SELinux/Booleans
Gentoo Wiki (Main)	SELinux/Constraints	https://wiki.gentoo.org/wiki/SELinux/Constraints
Gentoo Wiki (Main)	SELinux/Containers	https://wiki.gentoo.org/wiki/SELinux/Containers
Gentoo Wiki (Main)	SELinux/FAQ	https://wiki.gentoo.org/wiki/SELinux/FAQ
Gentoo Wiki (Main)	SELinux/Gentoo policy packages	https://wiki.gentoo.org/wiki/SELinux/Gentoo_policy_packages
Gentoo Wiki (Main)	SELinux/Gentoo profiles	https://wiki.gentoo.org/wiki/SELinux/Gentoo_profiles
Gentoo Wiki (Main)	SELinux/Information flow control	https://wiki.gentoo.org/wiki/SELinux/Information_flow_control
Gentoo Wiki (Main)	SELinux/Installation	https://wiki.gentoo.org/wiki/SELinux/Installation
Gentoo Wiki (Main)	SELinux/LSM	https://wiki.gentoo.org/wiki/SELinux/LSM
Gentoo Wiki (Main)	SELinux/Labels	https://wiki.gentoo.org/wiki/SELinux/Labels
Gentoo Wiki (Main)	SELinux/Language	https://wiki.gentoo.org/wiki/SELinux/Language
Gentoo Wiki (Main)	SELinux/Logging	https://wiki.gentoo.org/wiki/SELinux/Logging
Gentoo Wiki (Main)	SELinux/Module list	https://wiki.gentoo.org/wiki/SELinux/Module_list
Gentoo Wiki (Main)	SELinux/Networking	https://wiki.gentoo.org/wiki/SELinux/Networking
Gentoo Wiki (Main)	SELinux/Policy	https://wiki.gentoo.org/wiki/SELinux/Policy
Gentoo Wiki (Main)	SELinux/Policy store	https://wiki.gentoo.org/wiki/SELinux/Policy_store
Gentoo Wiki (Main)	SELinux/Quick introduction	https://wiki.gentoo.org/wiki/SELinux/Quick_introduction
Gentoo Wiki (Main)	SELinux/Reference policy	https://wiki.gentoo.org/wiki/SELinux/Reference_policy
Gentoo Wiki (Main)	SELinux/Role-based access control	https://wiki.gentoo.org/wiki/SELinux/Role-based_access_control
Gentoo Wiki (Main)	SELinux/States	https://wiki.gentoo.org/wiki/SELinux/States
Gentoo Wiki (Main)	SELinux/Tutorials	https://wiki.gentoo.org/wiki/SELinux/Tutorials
Gentoo Wiki (Main)	SELinux/Tutorials/Controlling file contexts yourself	https://wiki.gentoo.org/wiki/SELinux/Tutorials/Controlling_file_contexts_yourself
Gentoo Wiki (Main)	SELinux/Tutorials/Creating a daemon domain	https://wiki.gentoo.org/wiki/SELinux/Tutorials/Creating_a_daemon_domain
Gentoo Wiki (Main)	SELinux/Tutorials/Creating a user domain	https://wiki.gentoo.org/wiki/SELinux/Tutorials/Creating_a_user_domain
Gentoo Wiki (Main)	SELinux/Tutorials/Creating your own policy module file	https://wiki.gentoo.org/wiki/SELinux/Tutorials/Creating_your_own_policy_module_file
Gentoo Wiki (Main)	SELinux/Tutorials/Defining SELinux users	https://wiki.gentoo.org/wiki/SELinux/Tutorials/Defining_SELinux_users
Gentoo Wiki (Main)	SELinux/Tutorials/How SELinux controls file and directory accesses	https://wiki.gentoo.org/wiki/SELinux/Tutorials/How_SELinux_controls_file_and_directory_accesses
Gentoo Wiki (Main)	SELinux/Tutorials/How does a process get into a certain context	https://wiki.gentoo.org/wiki/SELinux/Tutorials/How_does_a_process_get_into_a_certain_context
Gentoo Wiki (Main)	SELinux/Tutorials/How is the policy provided and loaded	https://wiki.gentoo.org/wiki/SELinux/Tutorials/How_is_the_policy_provided_and_loaded
Gentoo Wiki (Main)	SELinux/Tutorials/Linux services and the system u SELinux user	https://wiki.gentoo.org/wiki/SELinux/Tutorials/Linux_services_and_the_system_u_SELinux_user
Gentoo Wiki (Main)	SELinux/Tutorials/Managing network port labels	https://wiki.gentoo.org/wiki/SELinux/Tutorials/Managing_network_port_labels
Gentoo Wiki (Main)	SELinux/Tutorials/Permissive versus enforcing	https://wiki.gentoo.org/wiki/SELinux/Tutorials/Permissive_versus_enforcing
Gentoo Wiki (Main)	SELinux/Tutorials/Putting constraints on operations	https://wiki.gentoo.org/wiki/SELinux/Tutorials/Putting_constraints_on_operations
Gentoo Wiki (Main)	SELinux/Tutorials/SELinux Multi-Category Security	https://wiki.gentoo.org/wiki/SELinux/Tutorials/SELinux_Multi-Category_Security
Gentoo Wiki (Main)	SELinux/Tutorials/SELinux Multi-Level Security	https://wiki.gentoo.org/wiki/SELinux/Tutorials/SELinux_Multi-Level_Security
Gentoo Wiki (Main)	SELinux/Tutorials/The purpose of SELinux roles	https://wiki.gentoo.org/wiki/SELinux/Tutorials/The_purpose_of_SELinux_roles
Gentoo Wiki (Main)	SELinux/Tutorials/The security context of a process	https://wiki.gentoo.org/wiki/SELinux/Tutorials/The_security_context_of_a_process
Gentoo Wiki (Main)	SELinux/Tutorials/Using SELinux booleans	https://wiki.gentoo.org/wiki/SELinux/Tutorials/Using_SELinux_booleans
Gentoo Wiki (Main)	SELinux/Tutorials/Using gentoo selocal for small policy enhancements	https://wiki.gentoo.org/wiki/SELinux/Tutorials/Using_gentoo_selocal_for_small_policy_enhancements
Gentoo Wiki (Main)	SELinux/Tutorials/What is this unconfined thingie and tell me about attributes	https://wiki.gentoo.org/wiki/SELinux/Tutorials/What_is_this_unconfined_thingie_and_tell_me_about_attributes
Gentoo Wiki (Main)	SELinux/Tutorials/Where to find SELinux permission denial details	https://wiki.gentoo.org/wiki/SELinux/Tutorials/Where_to_find_SELinux_permission_denial_details
Gentoo Wiki (Main)	SELinux/Tutorials/Working with customizable types	https://wiki.gentoo.org/wiki/SELinux/Tutorials/Working_with_customizable_types
Gentoo Wiki (Main)	SELinux/Type enforcement	https://wiki.gentoo.org/wiki/SELinux/Type_enforcement
Gentoo Wiki (Main)	SELinux/Unconfined domains	https://wiki.gentoo.org/wiki/SELinux/Unconfined_domains
Gentoo Wiki (Main)	SELinux/User-based access control	https://wiki.gentoo.org/wiki/SELinux/User-based_access_control
Gentoo Wiki (Main)	SELinux/Users and logins	https://wiki.gentoo.org/wiki/SELinux/Users_and_logins
Gentoo Wiki (Main)	SELinux/Userspace project	https://wiki.gentoo.org/wiki/SELinux/Userspace_project
Gentoo Wiki (Main)	SELinux/apache	https://wiki.gentoo.org/wiki/SELinux/apache
Gentoo Wiki (Main)	SELinux/bind	https://wiki.gentoo.org/wiki/SELinux/bind
Gentoo Wiki (Main)	SELinux/chromium	https://wiki.gentoo.org/wiki/SELinux/chromium
Gentoo Wiki (Main)	SELinux/cron	https://wiki.gentoo.org/wiki/SELinux/cron
Gentoo Wiki (Main)	SELinux/ldap	https://wiki.gentoo.org/wiki/SELinux/ldap
Gentoo Wiki (Main)	SELinux/munin	https://wiki.gentoo.org/wiki/SELinux/munin
Gentoo Wiki (Main)	SELinux/portage	https://wiki.gentoo.org/wiki/SELinux/portage
Gentoo Wiki (Main)	SFTP	https://wiki.gentoo.org/wiki/SFTP
Gentoo Wiki (Main)	SHOUTcast	https://wiki.gentoo.org/wiki/SHOUTcast
Gentoo Wiki (Main)	SHOUTcast/Installation	https://wiki.gentoo.org/wiki/SHOUTcast/Installation
Gentoo Wiki (Main)	SLOT	https://wiki.gentoo.org/wiki/SLOT
Gentoo Wiki (Main)	SLiM	https://wiki.gentoo.org/wiki/SLiM
Gentoo Wiki (Main)	SSD	https://wiki.gentoo.org/wiki/SSD
Gentoo Wiki (Main)	SSH	https://wiki.gentoo.org/wiki/SSH
Gentoo Wiki (Main)	SSH/LDAP migration	https://wiki.gentoo.org/wiki/SSH/LDAP_migration
Gentoo Wiki (Main)	SSHFS	https://wiki.gentoo.org/wiki/SSHFS
Gentoo Wiki (Main)	SSH jump host	https://wiki.gentoo.org/wiki/SSH_jump_host
Gentoo Wiki (Main)	SSH reverse tunneling: getting a static IP from a cloud	https://wiki.gentoo.org/wiki/SSH_reverse_tunneling:_getting_a_static_IP_from_a_cloud
Gentoo Wiki (Main)	SSH tunneling	https://wiki.gentoo.org/wiki/SSH_tunneling
Gentoo Wiki (Main)	SSL Network Extender	https://wiki.gentoo.org/wiki/SSL_Network_Extender
Gentoo Wiki (Main)	SYNC	https://wiki.gentoo.org/wiki/SYNC
Gentoo Wiki (Main)	Safe CFLAGS	https://wiki.gentoo.org/wiki/Safe_CFLAGS
Gentoo Wiki (Main)	Samba	https://wiki.gentoo.org/wiki/Samba
Gentoo Wiki (Main)	Samba/Active Directory Guide	https://wiki.gentoo.org/wiki/Samba/Active_Directory_Guide
Gentoo Wiki (Main)	Samba/Cluster	https://wiki.gentoo.org/wiki/Samba/Cluster
Gentoo Wiki (Main)	Samba/Guide	https://wiki.gentoo.org/wiki/Samba/Guide
Gentoo Wiki (Main)	Samba/Samba 4 Migration	https://wiki.gentoo.org/wiki/Samba/Samba_4_Migration
Gentoo Wiki (Main)	Samba shadow copies	https://wiki.gentoo.org/wiki/Samba_shadow_copies
Gentoo Wiki (Main)	Samsung Chromebook Plus	https://wiki.gentoo.org/wiki/Samsung_Chromebook_Plus
Gentoo Wiki (Main)	Samsung Galaxy Book2 Pro	https://wiki.gentoo.org/wiki/Samsung_Galaxy_Book2_Pro
Gentoo Wiki (Main)	Samsung NC 10	https://wiki.gentoo.org/wiki/Samsung_NC_10
Gentoo Wiki (Main)	Samsung RV511-S04ES	https://wiki.gentoo.org/wiki/Samsung_RV511-S04ES
Gentoo Wiki (Main)	Samsung SSD Firmware	https://wiki.gentoo.org/wiki/Samsung_SSD_Firmware
Gentoo Wiki (Main)	Samsung Series 5 Ultra 530U3C-A02PT	https://wiki.gentoo.org/wiki/Samsung_Series_5_Ultra_530U3C-A02PT
Gentoo Wiki (Main)	Sandbox	https://wiki.gentoo.org/wiki/Sandbox
Gentoo Wiki (Main)	Sandbox (Portage)	https://wiki.gentoo.org/wiki/Sandbox_(Portage)
Gentoo Wiki (Main)	Savedconfig	https://wiki.gentoo.org/wiki/Savedconfig
Gentoo Wiki (Main)	Sawfish	https://wiki.gentoo.org/wiki/Sawfish
Gentoo Wiki (Main)	Sbctl	https://wiki.gentoo.org/wiki/Sbctl
Gentoo Wiki (Main)	Sc-im	https://wiki.gentoo.org/wiki/Sc-im
Gentoo Wiki (Main)	Scan modem	https://wiki.gentoo.org/wiki/Scan_modem
Gentoo Wiki (Main)	Sccache	https://wiki.gentoo.org/wiki/Sccache
Gentoo Wiki (Main)	Sccache-dist	https://wiki.gentoo.org/wiki/Sccache-dist
Gentoo Wiki (Main)	Scrcpy	https://wiki.gentoo.org/wiki/Scrcpy
Gentoo Wiki (Main)	Screen	https://wiki.gentoo.org/wiki/Screen
Gentoo Wiki (Main)	Scribus	https://wiki.gentoo.org/wiki/Scribus
Gentoo Wiki (Main)	Sct	https://wiki.gentoo.org/wiki/Sct
Gentoo Wiki (Main)	SearXNG	https://wiki.gentoo.org/wiki/SearXNG
Gentoo Wiki (Main)	Seatd	https://wiki.gentoo.org/wiki/Seatd
Gentoo Wiki (Main)	Secure Boot	https://wiki.gentoo.org/wiki/Secure_Boot
Gentoo Wiki (Main)	Secure Boot/GRUB	https://wiki.gentoo.org/wiki/Secure_Boot/GRUB
Gentoo Wiki (Main)	Secure wipe	https://wiki.gentoo.org/wiki/Secure_wipe
Gentoo Wiki (Main)	Security Handbook	https://wiki.gentoo.org/wiki/Security_Handbook
Gentoo Wiki (Main)	Security Handbook/Boot Path Security	https://wiki.gentoo.org/wiki/Security_Handbook/Boot_Path_Security
Gentoo Wiki (Main)	Security Handbook/Chrooting and Virtual Servers	https://wiki.gentoo.org/wiki/Security_Handbook/Chrooting_and_Virtual_Servers
Gentoo Wiki (Main)	Security Handbook/Chrooting and virtual servers	https://wiki.gentoo.org/wiki/Security_Handbook/Chrooting_and_virtual_servers
Gentoo Wiki (Main)	Security Handbook/Concepts	https://wiki.gentoo.org/wiki/Security_Handbook/Concepts
Gentoo Wiki (Main)	Security Handbook/File permissions	https://wiki.gentoo.org/wiki/Security_Handbook/File_permissions
Gentoo Wiki (Main)	Security Handbook/Firewalls and Network Security	https://wiki.gentoo.org/wiki/Security_Handbook/Firewalls_and_Network_Security
Gentoo Wiki (Main)	Security Handbook/Firmware security	https://wiki.gentoo.org/wiki/Security_Handbook/Firmware_security
Gentoo Wiki (Main)	Security Handbook/Full	https://wiki.gentoo.org/wiki/Security_Handbook/Full
Gentoo Wiki (Main)	Security Handbook/General Guidance	https://wiki.gentoo.org/wiki/Security_Handbook/General_Guidance
Gentoo Wiki (Main)	Security Handbook/Header	https://wiki.gentoo.org/wiki/Security_Handbook/Header
Gentoo Wiki (Main)	Security Handbook/Information Security	https://wiki.gentoo.org/wiki/Security_Handbook/Information_Security
Gentoo Wiki (Main)	Security Handbook/Intrusion detection	https://wiki.gentoo.org/wiki/Security_Handbook/Intrusion_detection
Gentoo Wiki (Main)	Security Handbook/Kernel security	https://wiki.gentoo.org/wiki/Security_Handbook/Kernel_security
Gentoo Wiki (Main)	Security Handbook/Linux Security Modules	https://wiki.gentoo.org/wiki/Security_Handbook/Linux_Security_Modules
Gentoo Wiki (Main)	Security Handbook/Linux Security Modules/AppArmor	https://wiki.gentoo.org/wiki/Security_Handbook/Linux_Security_Modules/AppArmor
Gentoo Wiki (Main)	Security Handbook/Linux Security Modules/Landlock	https://wiki.gentoo.org/wiki/Security_Handbook/Linux_Security_Modules/Landlock
Gentoo Wiki (Main)	Security Handbook/Linux Security Modules/Smack	https://wiki.gentoo.org/wiki/Security_Handbook/Linux_Security_Modules/Smack
Gentoo Wiki (Main)	Security Handbook/Linux Security Modules/TOMOYO	https://wiki.gentoo.org/wiki/Security_Handbook/Linux_Security_Modules/TOMOYO
Gentoo Wiki (Main)	Security Handbook/Linux Security Modules/WhiteEgret	https://wiki.gentoo.org/wiki/Security_Handbook/Linux_Security_Modules/WhiteEgret
Gentoo Wiki (Main)	Security Handbook/Logging	https://wiki.gentoo.org/wiki/Security_Handbook/Logging
Gentoo Wiki (Main)	Security Handbook/Mounting partitions	https://wiki.gentoo.org/wiki/Security_Handbook/Mounting_partitions
Gentoo Wiki (Main)	Security Handbook/Navigator	https://wiki.gentoo.org/wiki/Security_Handbook/Navigator
Gentoo Wiki (Main)	Security Handbook/PAM	https://wiki.gentoo.org/wiki/Security_Handbook/PAM
Gentoo Wiki (Main)	Security Handbook/Pre-deployment considerations	https://wiki.gentoo.org/wiki/Security_Handbook/Pre-deployment_considerations
Gentoo Wiki (Main)	Security Handbook/Securing services	https://wiki.gentoo.org/wiki/Security_Handbook/Securing_services
Gentoo Wiki (Main)	Security Handbook/Status	https://wiki.gentoo.org/wiki/Security_Handbook/Status
Gentoo Wiki (Main)	Security Handbook/Staying up-to-date	https://wiki.gentoo.org/wiki/Security_Handbook/Staying_up-to-date
Gentoo Wiki (Main)	Security Handbook/TOC	https://wiki.gentoo.org/wiki/Security_Handbook/TOC
Gentoo Wiki (Main)	Security Handbook/User and group limitations	https://wiki.gentoo.org/wiki/Security_Handbook/User_and_group_limitations
Gentoo Wiki (Main)	Sed	https://wiki.gentoo.org/wiki/Sed
Gentoo Wiki (Main)	See also	https://wiki.gentoo.org/wiki/See_also
Gentoo Wiki (Main)	Selected-packages set (Portage)	https://wiki.gentoo.org/wiki/Selected-packages_set_(Portage)
Gentoo Wiki (Main)	Selected set (Portage)	https://wiki.gentoo.org/wiki/Selected_set_(Portage)
Gentoo Wiki (Main)	Sequoia	https://wiki.gentoo.org/wiki/Sequoia
Gentoo Wiki (Main)	Service exposure	https://wiki.gentoo.org/wiki/Service_exposure
Gentoo Wiki (Main)	Set Keyboard Repeat Delay and Rate	https://wiki.gentoo.org/wiki/Set_Keyboard_Repeat_Delay_and_Rate
Gentoo Wiki (Main)	Setting a default root password	https://wiki.gentoo.org/wiki/Setting_a_default_root_password
Gentoo Wiki (Main)	Shell	https://wiki.gentoo.org/wiki/Shell
Gentoo Wiki (Main)	Shell/Scripting	https://wiki.gentoo.org/wiki/Shell/Scripting
Gentoo Wiki (Main)	Shellcheck	https://wiki.gentoo.org/wiki/Shellcheck
Gentoo Wiki (Main)	Shellinabox	https://wiki.gentoo.org/wiki/Shellinabox
Gentoo Wiki (Main)	Shim	https://wiki.gentoo.org/wiki/Shim
Gentoo Wiki (Main)	Sidewinderd	https://wiki.gentoo.org/wiki/Sidewinderd
Gentoo Wiki (Main)	Sierra EM7455 (Dell wireless modem DW5560)	https://wiki.gentoo.org/wiki/Sierra_EM7455_(Dell_wireless_modem_DW5560)
Gentoo Wiki (Main)	Signal Desktop	https://wiki.gentoo.org/wiki/Signal_Desktop
Gentoo Wiki (Main)	Signed kernel module support	https://wiki.gentoo.org/wiki/Signed_kernel_module_support
Gentoo Wiki (Main)	Silk Guardian	https://wiki.gentoo.org/wiki/Silk_Guardian
Gentoo Wiki (Main)	Simple-mtpfs	https://wiki.gentoo.org/wiki/Simple-mtpfs
Gentoo Wiki (Main)	Simple mail server with webmail	https://wiki.gentoo.org/wiki/Simple_mail_server_with_webmail
Gentoo Wiki (Main)	Simple sandbox	https://wiki.gentoo.org/wiki/Simple_sandbox
Gentoo Wiki (Main)	Skype	https://wiki.gentoo.org/wiki/Skype
Gentoo Wiki (Main)	Slibtool	https://wiki.gentoo.org/wiki/Slibtool
Gentoo Wiki (Main)	Smartmontools	https://wiki.gentoo.org/wiki/Smartmontools
Gentoo Wiki (Main)	Smbnetfs	https://wiki.gentoo.org/wiki/Smbnetfs
Gentoo Wiki (Main)	Snap	https://wiki.gentoo.org/wiki/Snap
Gentoo Wiki (Main)	Snapcast	https://wiki.gentoo.org/wiki/Snapcast
Gentoo Wiki (Main)	Snapper	https://wiki.gentoo.org/wiki/Snapper
Gentoo Wiki (Main)	Snort	https://wiki.gentoo.org/wiki/Snort
Gentoo Wiki (Main)	Software Telemetry	https://wiki.gentoo.org/wiki/Software_Telemetry
Gentoo Wiki (Main)	Soju	https://wiki.gentoo.org/wiki/Soju
Gentoo Wiki (Main)	Sony DualShock	https://wiki.gentoo.org/wiki/Sony_DualShock
Gentoo Wiki (Main)	Sony Vaio Pro SVP-1x21	https://wiki.gentoo.org/wiki/Sony_Vaio_Pro_SVP-1x21
Gentoo Wiki (Main)	Sony Vaio SVE	https://wiki.gentoo.org/wiki/Sony_Vaio_SVE
Gentoo Wiki (Main)	Sony Vaio VPCEB39FJ	https://wiki.gentoo.org/wiki/Sony_Vaio_VPCEB39FJ
Gentoo Wiki (Main)	SpaceNavigator	https://wiki.gentoo.org/wiki/SpaceNavigator
Gentoo Wiki (Main)	Spacemacs	https://wiki.gentoo.org/wiki/Spacemacs
Gentoo Wiki (Main)	SpamAssassin	https://wiki.gentoo.org/wiki/SpamAssassin
Gentoo Wiki (Main)	Sparc	https://wiki.gentoo.org/wiki/Sparc
Gentoo Wiki (Main)	Sparc/FAQ	https://wiki.gentoo.org/wiki/Sparc/FAQ
Gentoo Wiki (Main)	Sparc/Multilib	https://wiki.gentoo.org/wiki/Sparc/Multilib
Gentoo Wiki (Main)	Sparc/Netboot	https://wiki.gentoo.org/wiki/Sparc/Netboot
Gentoo Wiki (Main)	Sparc/Non-Sun hardware compatibility list	https://wiki.gentoo.org/wiki/Sparc/Non-Sun_hardware_compatibility_list
Gentoo Wiki (Main)	Sparc/OBP Reference	https://wiki.gentoo.org/wiki/Sparc/OBP_Reference
Gentoo Wiki (Main)	Sparc/Sun hardware compatibility list	https://wiki.gentoo.org/wiki/Sparc/Sun_hardware_compatibility_list
Gentoo Wiki (Main)	SparkleShare	https://wiki.gentoo.org/wiki/SparkleShare
Gentoo Wiki (Main)	Split /usr	https://wiki.gentoo.org/wiki/Split_/usr
Gentoo Wiki (Main)	Spotify	https://wiki.gentoo.org/wiki/Spotify
Gentoo Wiki (Main)	SquashFS	https://wiki.gentoo.org/wiki/SquashFS
Gentoo Wiki (Main)	Squid	https://wiki.gentoo.org/wiki/Squid
Gentoo Wiki (Main)	Sshguard	https://wiki.gentoo.org/wiki/Sshguard
Gentoo Wiki (Main)	St	https://wiki.gentoo.org/wiki/St
Gentoo Wiki (Main)	Stable request	https://wiki.gentoo.org/wiki/Stable_request
Gentoo Wiki (Main)	Stack smashing debugging guide	https://wiki.gentoo.org/wiki/Stack_smashing_debugging_guide
Gentoo Wiki (Main)	Stage file	https://wiki.gentoo.org/wiki/Stage_file
Gentoo Wiki (Main)	Standard git workflow	https://wiki.gentoo.org/wiki/Standard_git_workflow
Gentoo Wiki (Main)	StarFive VisionFive 2	https://wiki.gentoo.org/wiki/StarFive_VisionFive_2
Gentoo Wiki (Main)	StarFive VisionFive 2/Catalyst	https://wiki.gentoo.org/wiki/StarFive_VisionFive_2/Catalyst
Gentoo Wiki (Main)	StarFive VisionFive 2/Hardware	https://wiki.gentoo.org/wiki/StarFive_VisionFive_2/Hardware
Gentoo Wiki (Main)	StarFive VisionFive 2/linux kernel config	https://wiki.gentoo.org/wiki/StarFive_VisionFive_2/linux_kernel_config
Gentoo Wiki (Main)	Static routing	https://wiki.gentoo.org/wiki/Static_routing
Gentoo Wiki (Main)	Steam	https://wiki.gentoo.org/wiki/Steam
Gentoo Wiki (Main)	Steam/Client troubleshooting	https://wiki.gentoo.org/wiki/Steam/Client_troubleshooting
Gentoo Wiki (Main)	Steam/Games troubleshooting	https://wiki.gentoo.org/wiki/Steam/Games_troubleshooting
Gentoo Wiki (Main)	Steam Controller	https://wiki.gentoo.org/wiki/Steam_Controller
Gentoo Wiki (Main)	Steamcmd	https://wiki.gentoo.org/wiki/Steamcmd
Gentoo Wiki (Main)	Stepping through ebuilds	https://wiki.gentoo.org/wiki/Stepping_through_ebuilds
Gentoo Wiki (Main)	Steve	https://wiki.gentoo.org/wiki/Steve
Gentoo Wiki (Main)	Streaming DRM protected content	https://wiki.gentoo.org/wiki/Streaming_DRM_protected_content
Gentoo Wiki (Main)	Streaming DRM protected content/Pipelight	https://wiki.gentoo.org/wiki/Streaming_DRM_protected_content/Pipelight
Gentoo Wiki (Main)	Streamlink	https://wiki.gentoo.org/wiki/Streamlink
Gentoo Wiki (Main)	Su	https://wiki.gentoo.org/wiki/Su
Gentoo Wiki (Main)	Sub-slots and Slot-Operators	https://wiki.gentoo.org/wiki/Sub-slots_and_Slot-Operators
Gentoo Wiki (Main)	Submitting ebuilds	https://wiki.gentoo.org/wiki/Submitting_ebuilds
Gentoo Wiki (Main)	Subuid subgid	https://wiki.gentoo.org/wiki/Subuid_subgid
Gentoo Wiki (Main)	Sudo	https://wiki.gentoo.org/wiki/Sudo
Gentoo Wiki (Main)	Sunrise (project archive)	https://wiki.gentoo.org/wiki/Sunrise_(project_archive)
Gentoo Wiki (Main)	Sunrise (project archive)/Coding standards	https://wiki.gentoo.org/wiki/Sunrise_(project_archive)/Coding_standards
Gentoo Wiki (Main)	Sunrise (project archive)/Common errors	https://wiki.gentoo.org/wiki/Sunrise_(project_archive)/Common_errors
Gentoo Wiki (Main)	Sunrise (project archive)/FAQ	https://wiki.gentoo.org/wiki/Sunrise_(project_archive)/FAQ
Gentoo Wiki (Main)	Sunrise (project archive)/How to commit	https://wiki.gentoo.org/wiki/Sunrise_(project_archive)/How_to_commit
Gentoo Wiki (Main)	Sunrise (project archive)/Proxy maintainer	https://wiki.gentoo.org/wiki/Sunrise_(project_archive)/Proxy_maintainer
Gentoo Wiki (Main)	Sunrise (project archive)/Resources	https://wiki.gentoo.org/wiki/Sunrise_(project_archive)/Resources
Gentoo Wiki (Main)	Sunrise (project archive)/Reviewing	https://wiki.gentoo.org/wiki/Sunrise_(project_archive)/Reviewing
Gentoo Wiki (Main)	SuperCollider	https://wiki.gentoo.org/wiki/SuperCollider
Gentoo Wiki (Main)	Support	https://wiki.gentoo.org/wiki/Support
Gentoo Wiki (Main)	Surf	https://wiki.gentoo.org/wiki/Surf
Gentoo Wiki (Main)	Suspend and hibernate	https://wiki.gentoo.org/wiki/Suspend_and_hibernate
Gentoo Wiki (Main)	Swap	https://wiki.gentoo.org/wiki/Swap
Gentoo Wiki (Main)	Sway	https://wiki.gentoo.org/wiki/Sway
Gentoo Wiki (Main)	Synapse	https://wiki.gentoo.org/wiki/Synapse
Gentoo Wiki (Main)	Synaptics	https://wiki.gentoo.org/wiki/Synaptics
Gentoo Wiki (Main)	Syncthing	https://wiki.gentoo.org/wiki/Syncthing
Gentoo Wiki (Main)	Synergy	https://wiki.gentoo.org/wiki/Synergy
Gentoo Wiki (Main)	Sysbench	https://wiki.gentoo.org/wiki/Sysbench
Gentoo Wiki (Main)	Sysctl	https://wiki.gentoo.org/wiki/Sysctl
Gentoo Wiki (Main)	Sysfs	https://wiki.gentoo.org/wiki/Sysfs
Gentoo Wiki (Main)	Sysfs/network devices	https://wiki.gentoo.org/wiki/Sysfs/network_devices
Gentoo Wiki (Main)	Sysklogd	https://wiki.gentoo.org/wiki/Sysklogd
Gentoo Wiki (Main)	Syslinux	https://wiki.gentoo.org/wiki/Syslinux
Gentoo Wiki (Main)	Syslog-ng	https://wiki.gentoo.org/wiki/Syslog-ng
Gentoo Wiki (Main)	Sysstat	https://wiki.gentoo.org/wiki/Sysstat
Gentoo Wiki (Main)	System	https://wiki.gentoo.org/wiki/System
Gentoo Wiki (Main)	SystemTap	https://wiki.gentoo.org/wiki/SystemTap
Gentoo Wiki (Main)	System Initialization of Intel x86 with BIOS Firmware	https://wiki.gentoo.org/wiki/System_Initialization_of_Intel_x86_with_BIOS_Firmware
Gentoo Wiki (Main)	System limitation insufficient RAM	https://wiki.gentoo.org/wiki/System_limitation_insufficient_RAM
Gentoo Wiki (Main)	System limitation too many open files	https://wiki.gentoo.org/wiki/System_limitation_too_many_open_files
Gentoo Wiki (Main)	System recovery	https://wiki.gentoo.org/wiki/System_recovery
Gentoo Wiki (Main)	System set (Portage)	https://wiki.gentoo.org/wiki/System_set_(Portage)
Gentoo Wiki (Main)	System time	https://wiki.gentoo.org/wiki/System_time
Gentoo Wiki (Main)	Systemd	https://wiki.gentoo.org/wiki/Systemd
Gentoo Wiki (Main)	Systemd/Installing Gnome3 from scratch	https://wiki.gentoo.org/wiki/Systemd/Installing_Gnome3_from_scratch
Gentoo Wiki (Main)	Systemd/systemd-boot	https://wiki.gentoo.org/wiki/Systemd/systemd-boot
Gentoo Wiki (Main)	Systemd/systemd-homed	https://wiki.gentoo.org/wiki/Systemd/systemd-homed
Gentoo Wiki (Main)	Systemd/systemd-networkd	https://wiki.gentoo.org/wiki/Systemd/systemd-networkd
Gentoo Wiki (Main)	Systemd/systemd-nspawn	https://wiki.gentoo.org/wiki/Systemd/systemd-nspawn
Gentoo Wiki (Main)	Systemd/systemd-resolved	https://wiki.gentoo.org/wiki/Systemd/systemd-resolved
Gentoo Wiki (Main)	Systemd/upgrade	https://wiki.gentoo.org/wiki/Systemd/upgrade
Gentoo Wiki (Main)	Systemwide RFC-3339 Dateformat	https://wiki.gentoo.org/wiki/Systemwide_RFC-3339_Dateformat
Gentoo Wiki (Main)	Sysvinit	https://wiki.gentoo.org/wiki/Sysvinit
Gentoo Wiki (Main)	TUXEDO Aura 15 (Gen2)	https://wiki.gentoo.org/wiki/TUXEDO_Aura_15_(Gen2)
Gentoo Wiki (Main)	TUXEDO InfinityBook Pro 15 (Gen10)	https://wiki.gentoo.org/wiki/TUXEDO_InfinityBook_Pro_15_(Gen10)
Gentoo Wiki (Main)	TUXEDO Software	https://wiki.gentoo.org/wiki/TUXEDO_Software
Gentoo Wiki (Main)	TV Tuner	https://wiki.gentoo.org/wiki/TV_Tuner
Gentoo Wiki (Main)	Tac plus	https://wiki.gentoo.org/wiki/Tac_plus
Gentoo Wiki (Main)	Tahoe-LAFS	https://wiki.gentoo.org/wiki/Tahoe-LAFS
Gentoo Wiki (Main)	Tailscale	https://wiki.gentoo.org/wiki/Tailscale
Gentoo Wiki (Main)	Tallscreen Monitor	https://wiki.gentoo.org/wiki/Tallscreen_Monitor
Gentoo Wiki (Main)	TalosII	https://wiki.gentoo.org/wiki/TalosII
Gentoo Wiki (Main)	Tar	https://wiki.gentoo.org/wiki/Tar
Gentoo Wiki (Main)	Taskserver	https://wiki.gentoo.org/wiki/Taskserver
Gentoo Wiki (Main)	Taskwarrior	https://wiki.gentoo.org/wiki/Taskwarrior
Gentoo Wiki (Main)	Tcc	https://wiki.gentoo.org/wiki/Tcc
Gentoo Wiki (Main)	Tcpdump	https://wiki.gentoo.org/wiki/Tcpdump
Gentoo Wiki (Main)	TeX Live	https://wiki.gentoo.org/wiki/TeX_Live
Gentoo Wiki (Main)	TeX Live manual installation	https://wiki.gentoo.org/wiki/TeX_Live_manual_installation
Gentoo Wiki (Main)	TeamViewer	https://wiki.gentoo.org/wiki/TeamViewer
Gentoo Wiki (Main)	Telegram	https://wiki.gentoo.org/wiki/Telegram
Gentoo Wiki (Main)	Tensile	https://wiki.gentoo.org/wiki/Tensile
Gentoo Wiki (Main)	Terminal emulator	https://wiki.gentoo.org/wiki/Terminal_emulator
Gentoo Wiki (Main)	Terminal emulator/Colors	https://wiki.gentoo.org/wiki/Terminal_emulator/Colors
Gentoo Wiki (Main)	Terminator	https://wiki.gentoo.org/wiki/Terminator
Gentoo Wiki (Main)	TestDisk	https://wiki.gentoo.org/wiki/TestDisk
Gentoo Wiki (Main)	Test environment	https://wiki.gentoo.org/wiki/Test_environment
Gentoo Wiki (Main)	Texas Instruments PCIxx12	https://wiki.gentoo.org/wiki/Texas_Instruments_PCIxx12
Gentoo Wiki (Main)	Text editor	https://wiki.gentoo.org/wiki/Text_editor
Gentoo Wiki (Main)	ThinkPenguin Korora Notebook	https://wiki.gentoo.org/wiki/ThinkPenguin_Korora_Notebook
Gentoo Wiki (Main)	Thunar	https://wiki.gentoo.org/wiki/Thunar
Gentoo Wiki (Main)	Thunderbird	https://wiki.gentoo.org/wiki/Thunderbird
Gentoo Wiki (Main)	TiMidity++	https://wiki.gentoo.org/wiki/TiMidity%2B%2B
Gentoo Wiki (Main)	TigerVNC	https://wiki.gentoo.org/wiki/TigerVNC
Gentoo Wiki (Main)	Timewarrior	https://wiki.gentoo.org/wiki/Timewarrior
Gentoo Wiki (Main)	Tinc	https://wiki.gentoo.org/wiki/Tinc
Gentoo Wiki (Main)	Tinderbox log collection and analysis	https://wiki.gentoo.org/wiki/Tinderbox_log_collection_and_analysis
Gentoo Wiki (Main)	Tint2	https://wiki.gentoo.org/wiki/Tint2
Gentoo Wiki (Main)	Tkinter	https://wiki.gentoo.org/wiki/Tkinter
Gentoo Wiki (Main)	Tldr pages	https://wiki.gentoo.org/wiki/Tldr_pages
Gentoo Wiki (Main)	Tmpfs	https://wiki.gentoo.org/wiki/Tmpfs
Gentoo Wiki (Main)	Tmux	https://wiki.gentoo.org/wiki/Tmux
Gentoo Wiki (Main)	Tmux/plugins	https://wiki.gentoo.org/wiki/Tmux/plugins
Gentoo Wiki (Main)	Tmux/plugins/resurrect	https://wiki.gentoo.org/wiki/Tmux/plugins/resurrect
Gentoo Wiki (Main)	Tmux/plugins/tmux-mem-cpu-load	https://wiki.gentoo.org/wiki/Tmux/plugins/tmux-mem-cpu-load
Gentoo Wiki (Main)	Tmux/plugins/tpm	https://wiki.gentoo.org/wiki/Tmux/plugins/tpm
Gentoo Wiki (Main)	TongFang X4SP4NAL	https://wiki.gentoo.org/wiki/TongFang_X4SP4NAL
Gentoo Wiki (Main)	Toolkit USE Flags	https://wiki.gentoo.org/wiki/Toolkit_USE_Flags
Gentoo Wiki (Main)	Tools for the work as proxied maintainer	https://wiki.gentoo.org/wiki/Tools_for_the_work_as_proxied_maintainer
Gentoo Wiki (Main)	Tor	https://wiki.gentoo.org/wiki/Tor
Gentoo Wiki (Main)	Tor/Docker container image	https://wiki.gentoo.org/wiki/Tor/Docker_container_image
Gentoo Wiki (Main)	Toshiba Chromebook 2	https://wiki.gentoo.org/wiki/Toshiba_Chromebook_2
Gentoo Wiki (Main)	Toshiba Radius 12	https://wiki.gentoo.org/wiki/Toshiba_Radius_12
Gentoo Wiki (Main)	Toshiba Satellite P70-A	https://wiki.gentoo.org/wiki/Toshiba_Satellite_P70-A
Gentoo Wiki (Main)	Toshiba Satellite Pro 460CDT	https://wiki.gentoo.org/wiki/Toshiba_Satellite_Pro_460CDT
Gentoo Wiki (Main)	Touchpad	https://wiki.gentoo.org/wiki/Touchpad
Gentoo Wiki (Main)	Touchscreen	https://wiki.gentoo.org/wiki/Touchscreen
Gentoo Wiki (Main)	Toybox	https://wiki.gentoo.org/wiki/Toybox
Gentoo Wiki (Main)	Track IR	https://wiki.gentoo.org/wiki/Track_IR
Gentoo Wiki (Main)	Tracking changes to "/etc" with git for backup	https://wiki.gentoo.org/wiki/Tracking_changes_to_%22/etc%22_with_git_for_backup
Gentoo Wiki (Main)	Traefik	https://wiki.gentoo.org/wiki/Traefik
Gentoo Wiki (Main)	Traffic shaping	https://wiki.gentoo.org/wiki/Traffic_shaping
Gentoo Wiki (Main)	Transmission	https://wiki.gentoo.org/wiki/Transmission
Gentoo Wiki (Main)	Trident	https://wiki.gentoo.org/wiki/Trident
Gentoo Wiki (Main)	TrimSlice	https://wiki.gentoo.org/wiki/TrimSlice
Gentoo Wiki (Main)	Trimslice U-Boot	https://wiki.gentoo.org/wiki/Trimslice_U-Boot
Gentoo Wiki (Main)	Trinity Desktop Environment	https://wiki.gentoo.org/wiki/Trinity_Desktop_Environment
Gentoo Wiki (Main)	Troubleshooting	https://wiki.gentoo.org/wiki/Troubleshooting
Gentoo Wiki (Main)	Troubleshooting parallel builds	https://wiki.gentoo.org/wiki/Troubleshooting_parallel_builds
Gentoo Wiki (Main)	Trust Flex tablet	https://wiki.gentoo.org/wiki/Trust_Flex_tablet
Gentoo Wiki (Main)	Trusted Boot	https://wiki.gentoo.org/wiki/Trusted_Boot
Gentoo Wiki (Main)	Trusted Platform Module	https://wiki.gentoo.org/wiki/Trusted_Platform_Module
Gentoo Wiki (Main)	Trusted Platform Module/LUKS	https://wiki.gentoo.org/wiki/Trusted_Platform_Module/LUKS
Gentoo Wiki (Main)	Trusted Platform Module/SSH	https://wiki.gentoo.org/wiki/Trusted_Platform_Module/SSH
Gentoo Wiki (Main)	Tryton	https://wiki.gentoo.org/wiki/Tryton
Gentoo Wiki (Main)	TuneD	https://wiki.gentoo.org/wiki/TuneD
Gentoo Wiki (Main)	Typst	https://wiki.gentoo.org/wiki/Typst
Gentoo Wiki (Main)	U-boot-tools	https://wiki.gentoo.org/wiki/U-boot-tools
Gentoo Wiki (Main)	UB500	https://wiki.gentoo.org/wiki/UB500
Gentoo Wiki (Main)	UEFI	https://wiki.gentoo.org/wiki/UEFI
Gentoo Wiki (Main)	UEFI Dual boot with Windows 7/8	https://wiki.gentoo.org/wiki/UEFI_Dual_boot_with_Windows_7/8
Gentoo Wiki (Main)	UID GID Assignment Table	https://wiki.gentoo.org/wiki/UID_GID_Assignment_Table
Gentoo Wiki (Main)	UMurmur	https://wiki.gentoo.org/wiki/UMurmur
Gentoo Wiki (Main)	UNetbootin	https://wiki.gentoo.org/wiki/UNetbootin
Gentoo Wiki (Main)	UPC	https://wiki.gentoo.org/wiki/UPC
Gentoo Wiki (Main)	USB	https://wiki.gentoo.org/wiki/USB
Gentoo Wiki (Main)	USB/Guide	https://wiki.gentoo.org/wiki/USB/Guide
Gentoo Wiki (Main)	USB Audio	https://wiki.gentoo.org/wiki/USB_Audio
Gentoo Wiki (Main)	USB ModeSwitch	https://wiki.gentoo.org/wiki/USB_ModeSwitch
Gentoo Wiki (Main)	USB mobile broadband modem	https://wiki.gentoo.org/wiki/USB_mobile_broadband_modem
Gentoo Wiki (Main)	USB to Ethernet Adapter	https://wiki.gentoo.org/wiki/USB_to_Ethernet_Adapter
Gentoo Wiki (Main)	USB to serial adapter	https://wiki.gentoo.org/wiki/USB_to_serial_adapter
Gentoo Wiki (Main)	USE ORDER	https://wiki.gentoo.org/wiki/USE_ORDER
Gentoo Wiki (Main)	USE flag	https://wiki.gentoo.org/wiki/USE_flag
Gentoo Wiki (Main)	UTF-8	https://wiki.gentoo.org/wiki/UTF-8
Gentoo Wiki (Main)	Udev	https://wiki.gentoo.org/wiki/Udev
Gentoo Wiki (Main)	Udev/Upgrade Guide	https://wiki.gentoo.org/wiki/Udev/Upgrade_Guide
Gentoo Wiki (Main)	Udevil	https://wiki.gentoo.org/wiki/Udevil
Gentoo Wiki (Main)	Udisks	https://wiki.gentoo.org/wiki/Udisks
Gentoo Wiki (Main)	Udoo	https://wiki.gentoo.org/wiki/Udoo
Gentoo Wiki (Main)	Ufed	https://wiki.gentoo.org/wiki/Ufed
Gentoo Wiki (Main)	Ufw	https://wiki.gentoo.org/wiki/Ufw
Gentoo Wiki (Main)	UgRD	https://wiki.gentoo.org/wiki/UgRD
Gentoo Wiki (Main)	Uim	https://wiki.gentoo.org/wiki/Uim
Gentoo Wiki (Main)	Ultimate Vocal Remover (UVR)	https://wiki.gentoo.org/wiki/Ultimate_Vocal_Remover_(UVR)
Gentoo Wiki (Main)	UnZip	https://wiki.gentoo.org/wiki/UnZip
Gentoo Wiki (Main)	Unbound	https://wiki.gentoo.org/wiki/Unbound
Gentoo Wiki (Main)	UndefinedBehaviorSanitizer	https://wiki.gentoo.org/wiki/UndefinedBehaviorSanitizer
Gentoo Wiki (Main)	Unified kernel image	https://wiki.gentoo.org/wiki/Unified_kernel_image
Gentoo Wiki (Main)	Unity	https://wiki.gentoo.org/wiki/Unity
Gentoo Wiki (Main)	Unlocking Rootfs encryption over SSH	https://wiki.gentoo.org/wiki/Unlocking_Rootfs_encryption_over_SSH
Gentoo Wiki (Main)	Unrtf	https://wiki.gentoo.org/wiki/Unrtf
Gentoo Wiki (Main)	Upgrade GCC up to 4.1	https://wiki.gentoo.org/wiki/Upgrade_GCC_up_to_4.1
Gentoo Wiki (Main)	Upgrading Gentoo	https://wiki.gentoo.org/wiki/Upgrading_Gentoo
Gentoo Wiki (Main)	Upgrading LLVM	https://wiki.gentoo.org/wiki/Upgrading_LLVM
Gentoo Wiki (Main)	Upgrading from gcc-4.x to gcc-5.x	https://wiki.gentoo.org/wiki/Upgrading_from_gcc-4.x_to_gcc-5.x
Gentoo Wiki (Main)	Upmpdcli	https://wiki.gentoo.org/wiki/Upmpdcli
Gentoo Wiki (Main)	Upstream repository shutdowns	https://wiki.gentoo.org/wiki/Upstream_repository_shutdowns
Gentoo Wiki (Main)	Upstream repository shutdowns/Fedorahosted.org	https://wiki.gentoo.org/wiki/Upstream_repository_shutdowns/Fedorahosted.org
Gentoo Wiki (Main)	Upstream repository shutdowns/Freecode.com	https://wiki.gentoo.org/wiki/Upstream_repository_shutdowns/Freecode.com
Gentoo Wiki (Main)	Upstream repository shutdowns/Google code	https://wiki.gentoo.org/wiki/Upstream_repository_shutdowns/Google_code
Gentoo Wiki (Main)	Upstream repository shutdowns/alioth.debian.org	https://wiki.gentoo.org/wiki/Upstream_repository_shutdowns/alioth.debian.org
Gentoo Wiki (Main)	Upstream repository shutdowns/bitbucket.org	https://wiki.gentoo.org/wiki/Upstream_repository_shutdowns/bitbucket.org
Gentoo Wiki (Main)	Upstream repository shutdowns/codehaus.org	https://wiki.gentoo.org/wiki/Upstream_repository_shutdowns/codehaus.org
Gentoo Wiki (Main)	Upstream repository shutdowns/gna.org	https://wiki.gentoo.org/wiki/Upstream_repository_shutdowns/gna.org
Gentoo Wiki (Main)	Uptimed	https://wiki.gentoo.org/wiki/Uptimed
Gentoo Wiki (Main)	Usbutils	https://wiki.gentoo.org/wiki/Usbutils
Gentoo Wiki (Main)	Useful Portage tools	https://wiki.gentoo.org/wiki/Useful_Portage_tools
Gentoo Wiki (Main)	Usenet	https://wiki.gentoo.org/wiki/Usenet
Gentoo Wiki (Main)	User-mode Linux	https://wiki.gentoo.org/wiki/User-mode_Linux
Gentoo Wiki (Main)	User-mode Linux/Guide	https://wiki.gentoo.org/wiki/User-mode_Linux/Guide
Gentoo Wiki (Main)	User/Maffblaster/Drafts/Zabbix	https://wiki.gentoo.org/wiki/User/Maffblaster/Drafts/Zabbix
Gentoo Wiki (Main)	User/Unhappy-Ending/Clang	https://wiki.gentoo.org/wiki/User/Unhappy-Ending/Clang
Gentoo Wiki (Main)	User/Unhappy-Ending/Clang/Performance Tuning	https://wiki.gentoo.org/wiki/User/Unhappy-Ending/Clang/Performance_Tuning
Gentoo Wiki (Main)	Utelnetd	https://wiki.gentoo.org/wiki/Utelnetd
Gentoo Wiki (Main)	Util-linux	https://wiki.gentoo.org/wiki/Util-linux
Gentoo Wiki (Main)	V4l-utils	https://wiki.gentoo.org/wiki/V4l-utils
Gentoo Wiki (Main)	V4l2loopback	https://wiki.gentoo.org/wiki/V4l2loopback
Gentoo Wiki (Main)	VAAPI	https://wiki.gentoo.org/wiki/VAAPI
Gentoo Wiki (Main)	VDPAU	https://wiki.gentoo.org/wiki/VDPAU
Gentoo Wiki (Main)	VDR	https://wiki.gentoo.org/wiki/VDR
Gentoo Wiki (Main)	VICE	https://wiki.gentoo.org/wiki/VICE
Gentoo Wiki (Main)	VLC	https://wiki.gentoo.org/wiki/VLC
Gentoo Wiki (Main)	VMPK	https://wiki.gentoo.org/wiki/VMPK
Gentoo Wiki (Main)	VMware	https://wiki.gentoo.org/wiki/VMware
Gentoo Wiki (Main)	VPN	https://wiki.gentoo.org/wiki/VPN
Gentoo Wiki (Main)	VPN services	https://wiki.gentoo.org/wiki/VPN_services
Gentoo Wiki (Main)	VPS	https://wiki.gentoo.org/wiki/VPS
Gentoo Wiki (Main)	VPS/VServer Guide	https://wiki.gentoo.org/wiki/VPS/VServer_Guide
Gentoo Wiki (Main)	Valgrind	https://wiki.gentoo.org/wiki/Valgrind
Gentoo Wiki (Main)	Varnish	https://wiki.gentoo.org/wiki/Varnish
Gentoo Wiki (Main)	Vdirsyncer	https://wiki.gentoo.org/wiki/Vdirsyncer
Gentoo Wiki (Main)	Ventoy	https://wiki.gentoo.org/wiki/Ventoy
Gentoo Wiki (Main)	Veremit:Gentoo Foundation Finances FY2005	https://wiki.gentoo.org/wiki/Veremit:Gentoo_Foundation_Finances_FY2005
Gentoo Wiki (Main)	Version control systems	https://wiki.gentoo.org/wiki/Version_control_systems
Gentoo Wiki (Main)	Version specifier	https://wiki.gentoo.org/wiki/Version_specifier
Gentoo Wiki (Main)	Vi	https://wiki.gentoo.org/wiki/Vi
Gentoo Wiki (Main)	Vifm	https://wiki.gentoo.org/wiki/Vifm
Gentoo Wiki (Main)	Vim	https://wiki.gentoo.org/wiki/Vim
Gentoo Wiki (Main)	Vim/Guide	https://wiki.gentoo.org/wiki/Vim/Guide
Gentoo Wiki (Main)	Virsh	https://wiki.gentoo.org/wiki/Virsh
Gentoo Wiki (Main)	Virt-install	https://wiki.gentoo.org/wiki/Virt-install
Gentoo Wiki (Main)	Virt-manager	https://wiki.gentoo.org/wiki/Virt-manager
Gentoo Wiki (Main)	Virt-viewer	https://wiki.gentoo.org/wiki/Virt-viewer
Gentoo Wiki (Main)	Virtiofs	https://wiki.gentoo.org/wiki/Virtiofs
Gentoo Wiki (Main)	Virtiofsd	https://wiki.gentoo.org/wiki/Virtiofsd
Gentoo Wiki (Main)	VirtualBox	https://wiki.gentoo.org/wiki/VirtualBox
Gentoo Wiki (Main)	VirtualBox/OS Installs	https://wiki.gentoo.org/wiki/VirtualBox/OS_Installs
Gentoo Wiki (Main)	Virtual Reality	https://wiki.gentoo.org/wiki/Virtual_Reality
Gentoo Wiki (Main)	Virtual mail hosting with qmail	https://wiki.gentoo.org/wiki/Virtual_mail_hosting_with_qmail
Gentoo Wiki (Main)	Virtual packages	https://wiki.gentoo.org/wiki/Virtual_packages
Gentoo Wiki (Main)	Virtualization	https://wiki.gentoo.org/wiki/Virtualization
Gentoo Wiki (Main)	Visual Interactive Taskwarrior	https://wiki.gentoo.org/wiki/Visual_Interactive_Taskwarrior
Gentoo Wiki (Main)	Vivaldi	https://wiki.gentoo.org/wiki/Vivaldi
Gentoo Wiki (Main)	Vlock	https://wiki.gentoo.org/wiki/Vlock
Gentoo Wiki (Main)	Vortex86	https://wiki.gentoo.org/wiki/Vortex86
Gentoo Wiki (Main)	Vpnc	https://wiki.gentoo.org/wiki/Vpnc
Gentoo Wiki (Main)	Vscode	https://wiki.gentoo.org/wiki/Vscode
Gentoo Wiki (Main)	Vsftpd	https://wiki.gentoo.org/wiki/Vsftpd
Gentoo Wiki (Main)	Vsftpd/AD Authentication	https://wiki.gentoo.org/wiki/Vsftpd/AD_Authentication
Gentoo Wiki (Main)	Vulkan	https://wiki.gentoo.org/wiki/Vulkan
Gentoo Wiki (Main)	WD-40	https://wiki.gentoo.org/wiki/WD-40
Gentoo Wiki (Main)	WD Black2	https://wiki.gentoo.org/wiki/WD_Black2
Gentoo Wiki (Main)	WKD	https://wiki.gentoo.org/wiki/WKD
Gentoo Wiki (Main)	Wacom	https://wiki.gentoo.org/wiki/Wacom
Gentoo Wiki (Main)	Waldo Lemmer/Tailscale	https://wiki.gentoo.org/wiki/Waldo_Lemmer/Tailscale
Gentoo Wiki (Main)	Warning about insecure obsolete network hardware	https://wiki.gentoo.org/wiki/Warning_about_insecure_obsolete_network_hardware
Gentoo Wiki (Main)	Waybar	https://wiki.gentoo.org/wiki/Waybar
Gentoo Wiki (Main)	Waydroid	https://wiki.gentoo.org/wiki/Waydroid
Gentoo Wiki (Main)	Wayfire	https://wiki.gentoo.org/wiki/Wayfire
Gentoo Wiki (Main)	Wayfire/Wayland protocols	https://wiki.gentoo.org/wiki/Wayfire/Wayland_protocols
Gentoo Wiki (Main)	Wayland	https://wiki.gentoo.org/wiki/Wayland
Gentoo Wiki (Main)	Waypipe	https://wiki.gentoo.org/wiki/Waypipe
Gentoo Wiki (Main)	Web eID	https://wiki.gentoo.org/wiki/Web_eID
Gentoo Wiki (Main)	Webapp-config	https://wiki.gentoo.org/wiki/Webapp-config
Gentoo Wiki (Main)	Webcam	https://wiki.gentoo.org/wiki/Webcam
Gentoo Wiki (Main)	WeeChat	https://wiki.gentoo.org/wiki/WeeChat
Gentoo Wiki (Main)	WeeChat/Glowing Bear Guide	https://wiki.gentoo.org/wiki/WeeChat/Glowing_Bear_Guide
Gentoo Wiki (Main)	Weston	https://wiki.gentoo.org/wiki/Weston
Gentoo Wiki (Main)	WezTerm	https://wiki.gentoo.org/wiki/WezTerm
Gentoo Wiki (Main)	Wget	https://wiki.gentoo.org/wiki/Wget
Gentoo Wiki (Main)	Wgetpaste	https://wiki.gentoo.org/wiki/Wgetpaste
Gentoo Wiki (Main)	What to do when noticing an error on the wiki	https://wiki.gentoo.org/wiki/What_to_do_when_noticing_an_error_on_the_wiki
Gentoo Wiki (Main)	Where to go next	https://wiki.gentoo.org/wiki/Where_to_go_next
Gentoo Wiki (Main)	Where to go next/Desktop	https://wiki.gentoo.org/wiki/Where_to_go_next/Desktop
Gentoo Wiki (Main)	Where to go next/Maintain	https://wiki.gentoo.org/wiki/Where_to_go_next/Maintain
Gentoo Wiki (Main)	Where to go next/TOC	https://wiki.gentoo.org/wiki/Where_to_go_next/TOC
Gentoo Wiki (Main)	Where to go next/installer	https://wiki.gentoo.org/wiki/Where_to_go_next/installer
Gentoo Wiki (Main)	Why build from sources	https://wiki.gentoo.org/wiki/Why_build_from_sources
Gentoo Wiki (Main)	Why not bundle dependencies	https://wiki.gentoo.org/wiki/Why_not_bundle_dependencies
Gentoo Wiki (Main)	Wi-Fi	https://wiki.gentoo.org/wiki/Wi-Fi
Gentoo Wiki (Main)	WiMAX	https://wiki.gentoo.org/wiki/WiMAX
Gentoo Wiki (Main)	Wifi/Testing	https://wiki.gentoo.org/wiki/Wifi/Testing
Gentoo Wiki (Main)	WikiFile:Hyperviseur.svg	https://wiki.gentoo.org/wiki/WikiFile:Hyperviseur.svg
Gentoo Wiki (Main)	Wikibot	https://wiki.gentoo.org/wiki/Wikibot
Gentoo Wiki (Main)	Wild	https://wiki.gentoo.org/wiki/Wild
Gentoo Wiki (Main)	Willikins	https://wiki.gentoo.org/wiki/Willikins
Gentoo Wiki (Main)	Window manager	https://wiki.gentoo.org/wiki/Window_manager
Gentoo Wiki (Main)	Wine	https://wiki.gentoo.org/wiki/Wine
Gentoo Wiki (Main)	Winetricks	https://wiki.gentoo.org/wiki/Winetricks
Gentoo Wiki (Main)	WireGuard	https://wiki.gentoo.org/wiki/WireGuard
Gentoo Wiki (Main)	WireGuard/Examples	https://wiki.gentoo.org/wiki/WireGuard/Examples
Gentoo Wiki (Main)	WirePlumber	https://wiki.gentoo.org/wiki/WirePlumber
Gentoo Wiki (Main)	WirePlumber/troubleshooting	https://wiki.gentoo.org/wiki/WirePlumber/troubleshooting
Gentoo Wiki (Main)	Wiremix	https://wiki.gentoo.org/wiki/Wiremix
Gentoo Wiki (Main)	Wireshark	https://wiki.gentoo.org/wiki/Wireshark
Gentoo Wiki (Main)	Wlroots	https://wiki.gentoo.org/wiki/Wlroots
Gentoo Wiki (Main)	Wm2	https://wiki.gentoo.org/wiki/Wm2
Gentoo Wiki (Main)	Woeusb	https://wiki.gentoo.org/wiki/Woeusb
Gentoo Wiki (Main)	Wofi	https://wiki.gentoo.org/wiki/Wofi
Gentoo Wiki (Main)	WordPress	https://wiki.gentoo.org/wiki/WordPress
Gentoo Wiki (Main)	World set (Portage)	https://wiki.gentoo.org/wiki/World_set_(Portage)
Gentoo Wiki (Main)	Wpa supplicant	https://wiki.gentoo.org/wiki/Wpa_supplicant
Gentoo Wiki (Main)	Wpa supplicant/Setup for dhcpcd as network manager	https://wiki.gentoo.org/wiki/Wpa_supplicant/Setup_for_dhcpcd_as_network_manager
Gentoo Wiki (Main)	Writing Rust ebuilds	https://wiki.gentoo.org/wiki/Writing_Rust_ebuilds
Gentoo Wiki (Main)	Writing go Ebuilds	https://wiki.gentoo.org/wiki/Writing_go_Ebuilds
Gentoo Wiki (Main)	Wtftw	https://wiki.gentoo.org/wiki/Wtftw
Gentoo Wiki (Main)	WxFormBuilder	https://wiki.gentoo.org/wiki/WxFormBuilder
Gentoo Wiki (Main)	XDG	https://wiki.gentoo.org/wiki/XDG
Gentoo Wiki (Main)	XDG/Base Directories	https://wiki.gentoo.org/wiki/XDG/Base_Directories
Gentoo Wiki (Main)	XDG/Software	https://wiki.gentoo.org/wiki/XDG/Software
Gentoo Wiki (Main)	XDG/User Directories	https://wiki.gentoo.org/wiki/XDG/User_Directories
Gentoo Wiki (Main)	XDG/xdg-desktop-portal	https://wiki.gentoo.org/wiki/XDG/xdg-desktop-portal
Gentoo Wiki (Main)	XDM	https://wiki.gentoo.org/wiki/XDM
Gentoo Wiki (Main)	XEmacs	https://wiki.gentoo.org/wiki/XEmacs
Gentoo Wiki (Main)	XFS	https://wiki.gentoo.org/wiki/XFS
Gentoo Wiki (Main)	XMG A507	https://wiki.gentoo.org/wiki/XMG_A507
Gentoo Wiki (Main)	XMPP	https://wiki.gentoo.org/wiki/XMPP
Gentoo Wiki (Main)	XTerm	https://wiki.gentoo.org/wiki/XTerm
Gentoo Wiki (Main)	X resources	https://wiki.gentoo.org/wiki/X_resources
Gentoo Wiki (Main)	X server	https://wiki.gentoo.org/wiki/X_server
Gentoo Wiki (Main)	X server/upgrade	https://wiki.gentoo.org/wiki/X_server/upgrade
Gentoo Wiki (Main)	X without Display Manager	https://wiki.gentoo.org/wiki/X_without_Display_Manager
Gentoo Wiki (Main)	Xa	https://wiki.gentoo.org/wiki/Xa
Gentoo Wiki (Main)	Xen	https://wiki.gentoo.org/wiki/Xen
Gentoo Wiki (Main)	Xfce	https://wiki.gentoo.org/wiki/Xfce
Gentoo Wiki (Main)	Xfce/Guide	https://wiki.gentoo.org/wiki/Xfce/Guide
Gentoo Wiki (Main)	Xft support for GNU Emacs	https://wiki.gentoo.org/wiki/Xft_support_for_GNU_Emacs
Gentoo Wiki (Main)	Xiaomi RedmiBook 14 Pro 2024	https://wiki.gentoo.org/wiki/Xiaomi_RedmiBook_14_Pro_2024
Gentoo Wiki (Main)	Xilinx USB JTAG Programmers	https://wiki.gentoo.org/wiki/Xilinx_USB_JTAG_Programmers
Gentoo Wiki (Main)	Xlibre	https://wiki.gentoo.org/wiki/Xlibre
Gentoo Wiki (Main)	Xmonad	https://wiki.gentoo.org/wiki/Xmonad
Gentoo Wiki (Main)	Xonsh	https://wiki.gentoo.org/wiki/Xonsh
Gentoo Wiki (Main)	Xorg	https://wiki.gentoo.org/wiki/Xorg
Gentoo Wiki (Main)	Xorg.conf	https://wiki.gentoo.org/wiki/Xorg.conf
Gentoo Wiki (Main)	Xorg/Guide	https://wiki.gentoo.org/wiki/Xorg/Guide
Gentoo Wiki (Main)	Xorg/Hardware 3D acceleration guide	https://wiki.gentoo.org/wiki/Xorg/Hardware_3D_acceleration_guide
Gentoo Wiki (Main)	Xorg/Multiple monitors	https://wiki.gentoo.org/wiki/Xorg/Multiple_monitors
Gentoo Wiki (Main)	Xorg/Using the numeric keyboard keys as mouse	https://wiki.gentoo.org/wiki/Xorg/Using_the_numeric_keyboard_keys_as_mouse
Gentoo Wiki (Main)	Xp-pen	https://wiki.gentoo.org/wiki/Xp-pen
Gentoo Wiki (Main)	Xrandr	https://wiki.gentoo.org/wiki/Xrandr
Gentoo Wiki (Main)	Xrdp	https://wiki.gentoo.org/wiki/Xrdp
Gentoo Wiki (Main)	Xwayland	https://wiki.gentoo.org/wiki/Xwayland
Gentoo Wiki (Main)	Xz-utils	https://wiki.gentoo.org/wiki/Xz-utils
Gentoo Wiki (Main)	Yocto	https://wiki.gentoo.org/wiki/Yocto
Gentoo Wiki (Main)	Yt-dlp	https://wiki.gentoo.org/wiki/Yt-dlp
Gentoo Wiki (Main)	YubiKey	https://wiki.gentoo.org/wiki/YubiKey
Gentoo Wiki (Main)	YubiKey/GPG	https://wiki.gentoo.org/wiki/YubiKey/GPG
Gentoo Wiki (Main)	YubiKey/PAM	https://wiki.gentoo.org/wiki/YubiKey/PAM
Gentoo Wiki (Main)	YubiKey/SSH	https://wiki.gentoo.org/wiki/YubiKey/SSH
Gentoo Wiki (Main)	Yuzu	https://wiki.gentoo.org/wiki/Yuzu
Gentoo Wiki (Main)	ZFS	https://wiki.gentoo.org/wiki/ZFS
Gentoo Wiki (Main)	ZFS/Advanced	https://wiki.gentoo.org/wiki/ZFS/Advanced
Gentoo Wiki (Main)	ZFS/Features	https://wiki.gentoo.org/wiki/ZFS/Features
Gentoo Wiki (Main)	ZFS/ZFSBootMenu	https://wiki.gentoo.org/wiki/ZFS/ZFSBootMenu
Gentoo Wiki (Main)	ZFS/root	https://wiki.gentoo.org/wiki/ZFS/root
Gentoo Wiki (Main)	ZFS/rootfs	https://wiki.gentoo.org/wiki/ZFS/rootfs
Gentoo Wiki (Main)	ZFSOnLinux Development Guide	https://wiki.gentoo.org/wiki/ZFSOnLinux_Development_Guide
Gentoo Wiki (Main)	Zathura	https://wiki.gentoo.org/wiki/Zathura
Gentoo Wiki (Main)	Zellij	https://wiki.gentoo.org/wiki/Zellij
Gentoo Wiki (Main)	Zero-day bump requests	https://wiki.gentoo.org/wiki/Zero-day_bump_requests
Gentoo Wiki (Main)	Zig	https://wiki.gentoo.org/wiki/Zig
Gentoo Wiki (Main)	Zig/Internals	https://wiki.gentoo.org/wiki/Zig/Internals
Gentoo Wiki (Main)	Zip	https://wiki.gentoo.org/wiki/Zip
Gentoo Wiki (Main)	ZoneMinder	https://wiki.gentoo.org/wiki/ZoneMinder
Gentoo Wiki (Main)	Zoom	https://wiki.gentoo.org/wiki/Zoom
Gentoo Wiki (Main)	Zoom H1 Recorder	https://wiki.gentoo.org/wiki/Zoom_H1_Recorder
Gentoo Wiki (Main)	Zram	https://wiki.gentoo.org/wiki/Zram
Gentoo Wiki (Main)	Zsh	https://wiki.gentoo.org/wiki/Zsh
Gentoo Wiki (Main)	Zsh/Guide	https://wiki.gentoo.org/wiki/Zsh/Guide
Gentoo Wiki (Main)	Zstd	https://wiki.gentoo.org/wiki/Zstd
Gentoo Wiki (Main)	Zswap	https://wiki.gentoo.org/wiki/Zswap
Gentoo Knowledge	Knowledge_Base:Accepting_a_keyword_for_a_single_package	https://wiki.gentoo.org/wiki/Knowledge_Base:Accepting_a_keyword_for_a_single_package
Gentoo Knowledge	Knowledge_Base:Accepting_a_keyword_for_all_packages	https://wiki.gentoo.org/wiki/Knowledge_Base:Accepting_a_keyword_for_all_packages
Gentoo Knowledge	Knowledge_Base:Adding_a_user_to_a_group	https://wiki.gentoo.org/wiki/Knowledge_Base:Adding_a_user_to_a_group
Gentoo Knowledge	Knowledge_Base:Adjusting_GRUB_settings_for_a_single_boot_session	https://wiki.gentoo.org/wiki/Knowledge_Base:Adjusting_GRUB_settings_for_a_single_boot_session
Gentoo Knowledge	Knowledge_Base:All_available_memory_is_being_used	https://wiki.gentoo.org/wiki/Knowledge_Base:All_available_memory_is_being_used
Gentoo Knowledge	Knowledge_Base:Autounmask-write	https://wiki.gentoo.org/wiki/Knowledge_Base:Autounmask-write
Gentoo Knowledge	Knowledge_Base:Blockers	https://wiki.gentoo.org/wiki/Knowledge_Base:Blockers
Gentoo Knowledge	Knowledge_Base:Booting_SELinux_with_an_initramfs	https://wiki.gentoo.org/wiki/Knowledge_Base:Booting_SELinux_with_an_initramfs
Gentoo Knowledge	Knowledge_Base:Chrooting_returns_exec_format_error	https://wiki.gentoo.org/wiki/Knowledge_Base:Chrooting_returns_exec_format_error
Gentoo Knowledge	Knowledge_Base:Configuring_environment_variables	https://wiki.gentoo.org/wiki/Knowledge_Base:Configuring_environment_variables
Gentoo Knowledge	Knowledge_Base:Conflicting_specifications_during_rlpkg	https://wiki.gentoo.org/wiki/Knowledge_Base:Conflicting_specifications_during_rlpkg
Gentoo Knowledge	Knowledge_Base:Continuing_after_an_interrupted_installation	https://wiki.gentoo.org/wiki/Knowledge_Base:Continuing_after_an_interrupted_installation
Gentoo Knowledge	Knowledge_Base:Cron_fails_to_load_in_root_crontab_with_message_ENTRYPOINT_FAILED	https://wiki.gentoo.org/wiki/Knowledge_Base:Cron_fails_to_load_in_root_crontab_with_message_ENTRYPOINT_FAILED
Gentoo Knowledge	Knowledge_Base:Disabling_ACPI_support_at_boot_time	https://wiki.gentoo.org/wiki/Knowledge_Base:Disabling_ACPI_support_at_boot_time
Gentoo Knowledge	Knowledge_Base:Edit_a_config_file	https://wiki.gentoo.org/wiki/Knowledge_Base:Edit_a_config_file
Gentoo Knowledge	Knowledge_Base:Edit_a_configuration_file	https://wiki.gentoo.org/wiki/Knowledge_Base:Edit_a_configuration_file
Gentoo Knowledge	Knowledge_Base:Emerge_fails_with_permission_denied_on_make.conf	https://wiki.gentoo.org/wiki/Knowledge_Base:Emerge_fails_with_permission_denied_on_make.conf
Gentoo Knowledge	Knowledge_Base:Emerge_out_of_memory	https://wiki.gentoo.org/wiki/Knowledge_Base:Emerge_out_of_memory
Gentoo Knowledge	Knowledge_Base:FEATURES_variable_contains_unknown_values_loadpolicy	https://wiki.gentoo.org/wiki/Knowledge_Base:FEATURES_variable_contains_unknown_values_loadpolicy
Gentoo Knowledge	Knowledge_Base:Freeing_disk_space	https://wiki.gentoo.org/wiki/Knowledge_Base:Freeing_disk_space
Gentoo Knowledge	Knowledge_Base:Inserting_base_module_in_module_store_fails_with_duplicate_declaration	https://wiki.gentoo.org/wiki/Knowledge_Base:Inserting_base_module_in_module_store_fails_with_duplicate_declaration
Gentoo Knowledge	Knowledge_Base:Is_swap_space_really_necessary	https://wiki.gentoo.org/wiki/Knowledge_Base:Is_swap_space_really_necessary
Gentoo Knowledge	Knowledge_Base:LLVM_undefined_symbol	https://wiki.gentoo.org/wiki/Knowledge_Base:LLVM_undefined_symbol
Gentoo Knowledge	Knowledge_Base:Main_Page	https://wiki.gentoo.org/wiki/Knowledge_Base:Main_Page
Gentoo Knowledge	Knowledge_Base:Man_says_no_such_file_or_directory_for_less	https://wiki.gentoo.org/wiki/Knowledge_Base:Man_says_no_such_file_or_directory_for_less
Gentoo Knowledge	Knowledge_Base:Masking_a_package	https://wiki.gentoo.org/wiki/Knowledge_Base:Masking_a_package
Gentoo Knowledge	Knowledge_Base:Missing_keywords_and_keyword_requests	https://wiki.gentoo.org/wiki/Knowledge_Base:Missing_keywords_and_keyword_requests
Gentoo Knowledge	Knowledge_Base:No_space_left_on_device_while_there_is_plenty_of_space_available	https://wiki.gentoo.org/wiki/Knowledge_Base:No_space_left_on_device_while_there_is_plenty_of_space_available
Gentoo Knowledge	Knowledge_Base:Object_libsandbox.so_from_LD_PRELOAD_cannot_be_preloaded	https://wiki.gentoo.org/wiki/Knowledge_Base:Object_libsandbox.so_from_LD_PRELOAD_cannot_be_preloaded
Gentoo Knowledge	Knowledge_Base:Overriding_environment_variables_per_package	https://wiki.gentoo.org/wiki/Knowledge_Base:Overriding_environment_variables_per_package
Gentoo Knowledge	Knowledge_Base:Portage_fails_to_label_files_because_setfiles_does_not_work_anymore	https://wiki.gentoo.org/wiki/Knowledge_Base:Portage_fails_to_label_files_because_setfiles_does_not_work_anymore
Gentoo Knowledge	Knowledge_Base:Recovering_from_a_kernel_boot_failure	https://wiki.gentoo.org/wiki/Knowledge_Base:Recovering_from_a_kernel_boot_failure
Gentoo Knowledge	Knowledge_Base:Remove_obsoleted_distfiles	https://wiki.gentoo.org/wiki/Knowledge_Base:Remove_obsoleted_distfiles
Gentoo Knowledge	Knowledge_Base:Remove_orphaned_packages	https://wiki.gentoo.org/wiki/Knowledge_Base:Remove_orphaned_packages
Gentoo Knowledge	Knowledge_Base:SELinux_module_not_found_during_emerge	https://wiki.gentoo.org/wiki/Knowledge_Base:SELinux_module_not_found_during_emerge
Gentoo Knowledge	Knowledge_Base:Sharing_partitions_between_Linux_systems	https://wiki.gentoo.org/wiki/Knowledge_Base:Sharing_partitions_between_Linux_systems
Gentoo Knowledge	Knowledge_Base:Shutdown_after_emerge	https://wiki.gentoo.org/wiki/Knowledge_Base:Shutdown_after_emerge
Gentoo Knowledge	Knowledge_Base:Software_builds_fail_with_perl_module_missing_even_though_it_is_installed	https://wiki.gentoo.org/wiki/Knowledge_Base:Software_builds_fail_with_perl_module_missing_even_though_it_is_installed
Gentoo Knowledge	Knowledge_Base:Software_installation_fails_with_open_wr_ACCESS_DENIED_on_SELinux_systems	https://wiki.gentoo.org/wiki/Knowledge_Base:Software_installation_fails_with_open_wr_ACCESS_DENIED_on_SELinux_systems
Gentoo Knowledge	Knowledge_Base:Template	https://wiki.gentoo.org/wiki/Knowledge_Base:Template
Gentoo Knowledge	Knowledge_Base:Unable_to_mount_root_fs	https://wiki.gentoo.org/wiki/Knowledge_Base:Unable_to_mount_root_fs
Gentoo Knowledge	Knowledge_Base:Unmasking_a_package	https://wiki.gentoo.org/wiki/Knowledge_Base:Unmasking_a_package
Gentoo Knowledge	Knowledge_Base:What_is_the_lost%2Bfound_directory%3F	https://wiki.gentoo.org/wiki/Knowledge_Base:What_is_the_lost%2Bfound_directory%3F
Gentoo Knowledge	Knowledge_Base:What_is_the_lost%2Bfound_directory_for	https://wiki.gentoo.org/wiki/Knowledge_Base:What_is_the_lost%2Bfound_directory_for
Gentoo Overlay	Overlay:Fkmclane	https://wiki.gentoo.org/wiki/Overlay:Fkmclane
Gentoo Overlay	Overlay:Kde-sunset	https://wiki.gentoo.org/wiki/Overlay:Kde-sunset
Gentoo Overlay	Overlay:Stuff	https://wiki.gentoo.org/wiki/Overlay:Stuff
Gentoo Overlay	Overlay:Youbroketheinternet	https://wiki.gentoo.org/wiki/Overlay:Youbroketheinternet
Gentoo Handbook	Handbook:AMD64/Full/Installation	https://wiki.gentoo.org/wiki/Handbook:AMD64/Full/Installation
Gentoo Handbook	Handbook:AMD64/Full/Working	https://wiki.gentoo.org/wiki/Handbook:AMD64/Full/Working
Gentoo Handbook	Handbook:AMD64/Full/Portage	https://wiki.gentoo.org/wiki/Handbook:AMD64/Full/Portage
Gentoo Handbook	Handbook:AMD64/Full/Networking	https://wiki.gentoo.org/wiki/Handbook:AMD64/Full/Networking
